sale_date,day_of_week,product_id,product_name,category,units_sold,is_weekend
2024-01-01,Monday,1,Fresh Third,Dairy,11,False
2024-01-01,Monday,2,Organic Skin,Meat,15,False
2024-01-01,Monday,3,Organic Your,Frozen,8,False
2024-01-01,Monday,4,Fresh Particularly,Frozen,23,False
2024-01-01,Monday,5,Classic South,Dairy,28,False
2024-01-01,Monday,6,Premium Project,Dairy,20,False
2024-01-01,Monday,7,Fresh Wait,Frozen,28,False
2024-01-01,Monday,8,Fresh Drug,Produce,33,False
2024-01-01,Monday,9,Organic With,Frozen,28,False
2024-01-01,Monday,10,Classic Ago,Beverages,32,False
2024-01-01,Monday,11,Organic Lot,Dairy,19,False
2024-01-01,Monday,12,Classic Republican,Bakery,29,False
2024-01-01,Monday,13,Organic Least,Dairy,11,False
2024-01-01,Monday,14,Organic Money,Bakery,21,False
2024-01-01,Monday,15,Classic Hundred,Bakery,27,False
2024-01-01,Monday,16,Fresh Rich,Produce,37,False
2024-01-01,Monday,17,Premium Baby,Frozen,36,False
2024-01-01,Monday,18,Classic Happy,Meat,28,False
2024-01-01,Monday,19,Premium Two,Meat,14,False
2024-01-01,Monday,20,Organic Without,Frozen,19,False
2024-01-01,Monday,21,Fresh Against,Meat,8,False
2024-01-01,Monday,22,Premium Simple,Beverages,22,False
2024-01-01,Monday,23,Premium Area,Meat,29,False
2024-01-01,Monday,24,Fresh Air,Beverages,35,False
2024-01-01,Monday,25,Classic We,Meat,35,False
2024-01-01,Monday,26,Classic Outside,Frozen,24,False
2024-01-01,Monday,27,Classic Support,Beverages,6,False
2024-01-01,Monday,28,Premium Represent,Produce,38,False
2024-01-01,Monday,29,Fresh Get,Meat,14,False
2024-01-01,Monday,30,Premium Finish,Meat,42,False
2024-01-01,Monday,31,Premium Machine,Dairy,16,False
2024-01-01,Monday,32,Fresh Rest,Beverages,17,False
2024-01-01,Monday,33,Fresh Economic,Frozen,26,False
2024-01-01,Monday,34,Organic Summer,Frozen,31,False
2024-01-01,Monday,35,Organic Thus,Meat,42,False
2024-01-01,Monday,36,Premium Wrong,Bakery,19,False
2024-01-01,Monday,37,Premium Cause,Dairy,26,False
2024-01-01,Monday,38,Classic Easy,Beverages,38,False
2024-01-01,Monday,39,Fresh Local,Frozen,19,False
2024-01-01,Monday,40,Fresh Customer,Dairy,25,False
2024-01-01,Monday,41,Classic Century,Dairy,25,False
2024-01-01,Monday,42,Fresh Situation,Frozen,7,False
2024-01-01,Monday,43,Fresh Quickly,Beverages,41,False
2024-01-01,Monday,44,Premium Cause,Dairy,9,False
2024-01-01,Monday,45,Organic Leave,Produce,11,False
2024-01-01,Monday,46,Organic Strong,Bakery,18,False
2024-01-01,Monday,47,Fresh Strong,Produce,19,False
2024-01-01,Monday,48,Fresh Newspaper,Produce,11,False
2024-01-01,Monday,49,Fresh Carry,Dairy,8,False
2024-01-01,Monday,50,Premium Catch,Meat,11,False
2024-01-02,Tuesday,1,Fresh Third,Dairy,11,False
2024-01-02,Tuesday,2,Organic Skin,Meat,16,False
2024-01-02,Tuesday,3,Organic Your,Frozen,7,False
2024-01-02,Tuesday,4,Fresh Particularly,Frozen,24,False
2024-01-02,Tuesday,5,Classic South,Dairy,30,False
2024-01-02,Tuesday,6,Premium Project,Dairy,24,False
2024-01-02,Tuesday,7,Fresh Wait,Frozen,24,False
2024-01-02,Tuesday,8,Fresh Drug,Produce,32,False
2024-01-02,Tuesday,9,Organic With,Frozen,29,False
2024-01-02,Tuesday,10,Classic Ago,Beverages,32,False
2024-01-02,Tuesday,11,Organic Lot,Dairy,18,False
2024-01-02,Tuesday,12,Classic Republican,Bakery,33,False
2024-01-02,Tuesday,13,Organic Least,Dairy,14,False
2024-01-02,Tuesday,14,Organic Money,Bakery,15,False
2024-01-02,Tuesday,15,Classic Hundred,Bakery,26,False
2024-01-02,Tuesday,16,Fresh Rich,Produce,32,False
2024-01-02,Tuesday,17,Premium Baby,Frozen,27,False
2024-01-02,Tuesday,18,Classic Happy,Meat,48,False
2024-01-02,Tuesday,19,Premium Two,Meat,13,False
2024-01-02,Tuesday,20,Organic Without,Frozen,20,False
2024-01-02,Tuesday,21,Fresh Against,Meat,10,False
2024-01-02,Tuesday,22,Premium Simple,Beverages,23,False
2024-01-02,Tuesday,23,Premium Area,Meat,33,False
2024-01-02,Tuesday,24,Fresh Air,Beverages,50,False
2024-01-02,Tuesday,25,Classic We,Meat,30,False
2024-01-02,Tuesday,26,Classic Outside,Frozen,19,False
2024-01-02,Tuesday,27,Classic Support,Beverages,4,False
2024-01-02,Tuesday,28,Premium Represent,Produce,37,False
2024-01-02,Tuesday,29,Fresh Get,Meat,9,False
2024-01-02,Tuesday,30,Premium Finish,Meat,30,False
2024-01-02,Tuesday,31,Premium Machine,Dairy,14,False
2024-01-02,Tuesday,32,Fresh Rest,Beverages,11,False
2024-01-02,Tuesday,33,Fresh Economic,Frozen,40,False
2024-01-02,Tuesday,34,Organic Summer,Frozen,27,False
2024-01-02,Tuesday,35,Organic Thus,Meat,38,False
2024-01-02,Tuesday,36,Premium Wrong,Bakery,19,False
2024-01-02,Tuesday,37,Premium Cause,Dairy,26,False
2024-01-02,Tuesday,38,Classic Easy,Beverages,24,False
2024-01-02,Tuesday,39,Fresh Local,Frozen,19,False
2024-01-02,Tuesday,40,Fresh Customer,Dairy,15,False
2024-01-02,Tuesday,41,Classic Century,Dairy,39,False
2024-01-02,Tuesday,42,Fresh Situation,Frozen,5,False
2024-01-02,Tuesday,43,Fresh Quickly,Beverages,39,False
2024-01-02,Tuesday,44,Premium Cause,Dairy,10,False
2024-01-02,Tuesday,45,Organic Leave,Produce,13,False
2024-01-02,Tuesday,46,Organic Strong,Bakery,25,False
2024-01-02,Tuesday,47,Fresh Strong,Produce,18,False
2024-01-02,Tuesday,48,Fresh Newspaper,Produce,8,False
2024-01-02,Tuesday,49,Fresh Carry,Dairy,5,False
2024-01-02,Tuesday,50,Premium Catch,Meat,14,False
2024-01-03,Wednesday,1,Fresh Third,Dairy,12,False
2024-01-03,Wednesday,2,Organic Skin,Meat,16,False
2024-01-03,Wednesday,3,Organic Your,Frozen,7,False
2024-01-03,Wednesday,4,Fresh Particularly,Frozen,31,False
2024-01-03,Wednesday,5,Classic South,Dairy,26,False
2024-01-03,Wednesday,6,Premium Project,Dairy,24,False
2024-01-03,Wednesday,7,Fresh Wait,Frozen,28,False
2024-01-03,Wednesday,8,Fresh Drug,Produce,29,False
2024-01-03,Wednesday,9,Organic With,Frozen,22,False
2024-01-03,Wednesday,10,Classic Ago,Beverages,24,False
2024-01-03,Wednesday,11,Organic Lot,Dairy,20,False
2024-01-03,Wednesday,12,Classic Republican,Bakery,36,False
2024-01-03,Wednesday,13,Organic Least,Dairy,13,False
2024-01-03,Wednesday,14,Organic Money,Bakery,23,False
2024-01-03,Wednesday,15,Classic Hundred,Bakery,25,False
2024-01-03,Wednesday,16,Fresh Rich,Produce,42,False
2024-01-03,Wednesday,17,Premium Baby,Frozen,34,False
2024-01-03,Wednesday,18,Classic Happy,Meat,32,False
2024-01-03,Wednesday,19,Premium Two,Meat,15,False
2024-01-03,Wednesday,20,Organic Without,Frozen,20,False
2024-01-03,Wednesday,21,Fresh Against,Meat,7,False
2024-01-03,Wednesday,22,Premium Simple,Beverages,20,False
2024-01-03,Wednesday,23,Premium Area,Meat,26,False
2024-01-03,Wednesday,24,Fresh Air,Beverages,34,False
2024-01-03,Wednesday,25,Classic We,Meat,49,False
2024-01-03,Wednesday,26,Classic Outside,Frozen,20,False
2024-01-03,Wednesday,27,Classic Support,Beverages,5,False
2024-01-03,Wednesday,28,Premium Represent,Produce,39,False
2024-01-03,Wednesday,29,Fresh Get,Meat,14,False
2024-01-03,Wednesday,30,Premium Finish,Meat,33,False
2024-01-03,Wednesday,31,Premium Machine,Dairy,13,False
2024-01-03,Wednesday,32,Fresh Rest,Beverages,18,False
2024-01-03,Wednesday,33,Fresh Economic,Frozen,30,False
2024-01-03,Wednesday,34,Organic Summer,Frozen,28,False
2024-01-03,Wednesday,35,Organic Thus,Meat,44,False
2024-01-03,Wednesday,36,Premium Wrong,Bakery,22,False
2024-01-03,Wednesday,37,Premium Cause,Dairy,20,False
2024-01-03,Wednesday,38,Classic Easy,Beverages,35,False
2024-01-03,Wednesday,39,Fresh Local,Frozen,11,False
2024-01-03,Wednesday,40,Fresh Customer,Dairy,24,False
2024-01-03,Wednesday,41,Classic Century,Dairy,30,False
2024-01-03,Wednesday,42,Fresh Situation,Frozen,7,False
2024-01-03,Wednesday,43,Fresh Quickly,Beverages,32,False
2024-01-03,Wednesday,44,Premium Cause,Dairy,9,False
2024-01-03,Wednesday,45,Organic Leave,Produce,11,False
2024-01-03,Wednesday,46,Organic Strong,Bakery,27,False
2024-01-03,Wednesday,47,Fresh Strong,Produce,21,False
2024-01-03,Wednesday,48,Fresh Newspaper,Produce,12,False
2024-01-03,Wednesday,49,Fresh Carry,Dairy,7,False
2024-01-03,Wednesday,50,Premium Catch,Meat,15,False
2024-01-04,Thursday,1,Fresh Third,Dairy,12,False
2024-01-04,Thursday,2,Organic Skin,Meat,22,False
2024-01-04,Thursday,3,Organic Your,Frozen,11,False
2024-01-04,Thursday,4,Fresh Particularly,Frozen,26,False
2024-01-04,Thursday,5,Classic South,Dairy,28,False
2024-01-04,Thursday,6,Premium Project,Dairy,33,False
2024-01-04,Thursday,7,Fresh Wait,Frozen,36,False
2024-01-04,Thursday,8,Fresh Drug,Produce,26,False
2024-01-04,Thursday,9,Organic With,Frozen,22,False
2024-01-04,Thursday,10,Classic Ago,Beverages,26,False
2024-01-04,Thursday,11,Organic Lot,Dairy,20,False
2024-01-04,Thursday,12,Classic Republican,Bakery,35,False
2024-01-04,Thursday,13,Organic Least,Dairy,12,False
2024-01-04,Thursday,14,Organic Money,Bakery,25,False
2024-01-04,Thursday,15,Classic Hundred,Bakery,17,False
2024-01-04,Thursday,16,Fresh Rich,Produce,34,False
2024-01-04,Thursday,17,Premium Baby,Frozen,33,False
2024-01-04,Thursday,18,Classic Happy,Meat,49,False
2024-01-04,Thursday,19,Premium Two,Meat,18,False
2024-01-04,Thursday,20,Organic Without,Frozen,25,False
2024-01-04,Thursday,21,Fresh Against,Meat,10,False
2024-01-04,Thursday,22,Premium Simple,Beverages,24,False
2024-01-04,Thursday,23,Premium Area,Meat,20,False
2024-01-04,Thursday,24,Fresh Air,Beverages,45,False
2024-01-04,Thursday,25,Classic We,Meat,50,False
2024-01-04,Thursday,26,Classic Outside,Frozen,23,False
2024-01-04,Thursday,27,Classic Support,Beverages,5,False
2024-01-04,Thursday,28,Premium Represent,Produce,25,False
2024-01-04,Thursday,29,Fresh Get,Meat,10,False
2024-01-04,Thursday,30,Premium Finish,Meat,24,False
2024-01-04,Thursday,31,Premium Machine,Dairy,9,False
2024-01-04,Thursday,32,Fresh Rest,Beverages,14,False
2024-01-04,Thursday,33,Fresh Economic,Frozen,35,False
2024-01-04,Thursday,34,Organic Summer,Frozen,25,False
2024-01-04,Thursday,35,Organic Thus,Meat,47,False
2024-01-04,Thursday,36,Premium Wrong,Bakery,16,False
2024-01-04,Thursday,37,Premium Cause,Dairy,28,False
2024-01-04,Thursday,38,Classic Easy,Beverages,34,False
2024-01-04,Thursday,39,Fresh Local,Frozen,14,False
2024-01-04,Thursday,40,Fresh Customer,Dairy,25,False
2024-01-04,Thursday,41,Classic Century,Dairy,26,False
2024-01-04,Thursday,42,Fresh Situation,Frozen,7,False
2024-01-04,Thursday,43,Fresh Quickly,Beverages,36,False
2024-01-04,Thursday,44,Premium Cause,Dairy,13,False
2024-01-04,Thursday,45,Organic Leave,Produce,9,False
2024-01-04,Thursday,46,Organic Strong,Bakery,23,False
2024-01-04,Thursday,47,Fresh Strong,Produce,16,False
2024-01-04,Thursday,48,Fresh Newspaper,Produce,10,False
2024-01-04,Thursday,49,Fresh Carry,Dairy,8,False
2024-01-04,Thursday,50,Premium Catch,Meat,14,False
2024-01-05,Friday,1,Fresh Third,Dairy,10,False
2024-01-05,Friday,2,Organic Skin,Meat,14,False
2024-01-05,Friday,3,Organic Your,Frozen,11,False
2024-01-05,Friday,4,Fresh Particularly,Frozen,32,False
2024-01-05,Friday,5,Classic South,Dairy,22,False
2024-01-05,Friday,6,Premium Project,Dairy,36,False
2024-01-05,Friday,7,Fresh Wait,Frozen,34,False
2024-01-05,Friday,8,Fresh Drug,Produce,31,False
2024-01-05,Friday,9,Organic With,Frozen,29,False
2024-01-05,Friday,10,Classic Ago,Beverages,21,False
2024-01-05,Friday,11,Organic Lot,Dairy,21,False
2024-01-05,Friday,12,Classic Republican,Bakery,32,False
2024-01-05,Friday,13,Organic Least,Dairy,10,False
2024-01-05,Friday,14,Organic Money,Bakery,26,False
2024-01-05,Friday,15,Classic Hundred,Bakery,23,False
2024-01-05,Friday,16,Fresh Rich,Produce,43,False
2024-01-05,Friday,17,Premium Baby,Frozen,36,False
2024-01-05,Friday,18,Classic Happy,Meat,33,False
2024-01-05,Friday,19,Premium Two,Meat,15,False
2024-01-05,Friday,20,Organic Without,Frozen,32,False
2024-01-05,Friday,21,Fresh Against,Meat,8,False
2024-01-05,Friday,22,Premium Simple,Beverages,15,False
2024-01-05,Friday,23,Premium Area,Meat,22,False
2024-01-05,Friday,24,Fresh Air,Beverages,47,False
2024-01-05,Friday,25,Classic We,Meat,45,False
2024-01-05,Friday,26,Classic Outside,Frozen,25,False
2024-01-05,Friday,27,Classic Support,Beverages,6,False
2024-01-05,Friday,28,Premium Represent,Produce,32,False
2024-01-05,Friday,29,Fresh Get,Meat,12,False
2024-01-05,Friday,30,Premium Finish,Meat,44,False
2024-01-05,Friday,31,Premium Machine,Dairy,11,False
2024-01-05,Friday,32,Fresh Rest,Beverages,15,False
2024-01-05,Friday,33,Fresh Economic,Frozen,30,False
2024-01-05,Friday,34,Organic Summer,Frozen,23,False
2024-01-05,Friday,35,Organic Thus,Meat,47,False
2024-01-05,Friday,36,Premium Wrong,Bakery,19,False
2024-01-05,Friday,37,Premium Cause,Dairy,27,False
2024-01-05,Friday,38,Classic Easy,Beverages,26,False
2024-01-05,Friday,39,Fresh Local,Frozen,15,False
2024-01-05,Friday,40,Fresh Customer,Dairy,27,False
2024-01-05,Friday,41,Classic Century,Dairy,33,False
2024-01-05,Friday,42,Fresh Situation,Frozen,4,False
2024-01-05,Friday,43,Fresh Quickly,Beverages,41,False
2024-01-05,Friday,44,Premium Cause,Dairy,10,False
2024-01-05,Friday,45,Organic Leave,Produce,11,False
2024-01-05,Friday,46,Organic Strong,Bakery,26,False
2024-01-05,Friday,47,Fresh Strong,Produce,12,False
2024-01-05,Friday,48,Fresh Newspaper,Produce,14,False
2024-01-05,Friday,49,Fresh Carry,Dairy,6,False
2024-01-05,Friday,50,Premium Catch,Meat,13,False
2024-01-06,Saturday,1,Fresh Third,Dairy,25,True
2024-01-06,Saturday,2,Organic Skin,Meat,45,True
2024-01-06,Saturday,3,Organic Your,Frozen,18,True
2024-01-06,Saturday,4,Fresh Particularly,Frozen,29,True
2024-01-06,Saturday,5,Classic South,Dairy,32,True
2024-01-06,Saturday,6,Premium Project,Dairy,59,True
2024-01-06,Saturday,7,Fresh Wait,Frozen,42,True
2024-01-06,Saturday,8,Fresh Drug,Produce,69,True
2024-01-06,Saturday,9,Organic With,Frozen,64,True
2024-01-06,Saturday,10,Classic Ago,Beverages,36,True
2024-01-06,Saturday,11,Organic Lot,Dairy,35,True
2024-01-06,Saturday,12,Classic Republican,Bakery,54,True
2024-01-06,Saturday,13,Organic Least,Dairy,11,True
2024-01-06,Saturday,14,Organic Money,Bakery,53,True
2024-01-06,Saturday,15,Classic Hundred,Bakery,43,True
2024-01-06,Saturday,16,Fresh Rich,Produce,78,True
2024-01-06,Saturday,17,Premium Baby,Frozen,73,True
2024-01-06,Saturday,18,Classic Happy,Meat,67,True
2024-01-06,Saturday,19,Premium Two,Meat,18,True
2024-01-06,Saturday,20,Organic Without,Frozen,51,True
2024-01-06,Saturday,21,Fresh Against,Meat,22,True
2024-01-06,Saturday,22,Premium Simple,Beverages,26,True
2024-01-06,Saturday,23,Premium Area,Meat,71,True
2024-01-06,Saturday,24,Fresh Air,Beverages,82,True
2024-01-06,Saturday,25,Classic We,Meat,72,True
2024-01-06,Saturday,26,Classic Outside,Frozen,39,True
2024-01-06,Saturday,27,Classic Support,Beverages,8,True
2024-01-06,Saturday,28,Premium Represent,Produce,91,True
2024-01-06,Saturday,29,Fresh Get,Meat,22,True
2024-01-06,Saturday,30,Premium Finish,Meat,71,True
2024-01-06,Saturday,31,Premium Machine,Dairy,19,True
2024-01-06,Saturday,32,Fresh Rest,Beverages,16,True
2024-01-06,Saturday,33,Fresh Economic,Frozen,56,True
2024-01-06,Saturday,34,Organic Summer,Frozen,38,True
2024-01-06,Saturday,35,Organic Thus,Meat,55,True
2024-01-06,Saturday,36,Premium Wrong,Bakery,42,True
2024-01-06,Saturday,37,Premium Cause,Dairy,50,True
2024-01-06,Saturday,38,Classic Easy,Beverages,65,True
2024-01-06,Saturday,39,Fresh Local,Frozen,38,True
2024-01-06,Saturday,40,Fresh Customer,Dairy,34,True
2024-01-06,Saturday,41,Classic Century,Dairy,42,True
2024-01-06,Saturday,42,Fresh Situation,Frozen,12,True
2024-01-06,Saturday,43,Fresh Quickly,Beverages,47,True
2024-01-06,Saturday,44,Premium Cause,Dairy,12,True
2024-01-06,Saturday,45,Organic Leave,Produce,16,True
2024-01-06,Saturday,46,Organic Strong,Bakery,58,True
2024-01-06,Saturday,47,Fresh Strong,Produce,44,True
2024-01-06,Saturday,48,Fresh Newspaper,Produce,17,True
2024-01-06,Saturday,49,Fresh Carry,Dairy,12,True
2024-01-06,Saturday,50,Premium Catch,Meat,11,True
2024-01-07,Sunday,1,Fresh Third,Dairy,17,True
2024-01-07,Sunday,2,Organic Skin,Meat,30,True
2024-01-07,Sunday,3,Organic Your,Frozen,17,True
2024-01-07,Sunday,4,Fresh Particularly,Frozen,39,True
2024-01-07,Sunday,5,Classic South,Dairy,37,True
2024-01-07,Sunday,6,Premium Project,Dairy,39,True
2024-01-07,Sunday,7,Fresh Wait,Frozen,47,True
2024-01-07,Sunday,8,Fresh Drug,Produce,72,True
2024-01-07,Sunday,9,Organic With,Frozen,62,True
2024-01-07,Sunday,10,Classic Ago,Beverages,30,True
2024-01-07,Sunday,11,Organic Lot,Dairy,34,True
2024-01-07,Sunday,12,Classic Republican,Bakery,63,True
2024-01-07,Sunday,13,Organic Least,Dairy,16,True
2024-01-07,Sunday,14,Organic Money,Bakery,51,True
2024-01-07,Sunday,15,Classic Hundred,Bakery,55,True
2024-01-07,Sunday,16,Fresh Rich,Produce,96,True
2024-01-07,Sunday,17,Premium Baby,Frozen,54,True
2024-01-07,Sunday,18,Classic Happy,Meat,65,True
2024-01-07,Sunday,19,Premium Two,Meat,23,True
2024-01-07,Sunday,20,Organic Without,Frozen,34,True
2024-01-07,Sunday,21,Fresh Against,Meat,20,True
2024-01-07,Sunday,22,Premium Simple,Beverages,36,True
2024-01-07,Sunday,23,Premium Area,Meat,85,True
2024-01-07,Sunday,24,Fresh Air,Beverages,87,True
2024-01-07,Sunday,25,Classic We,Meat,44,True
2024-01-07,Sunday,26,Classic Outside,Frozen,32,True
2024-01-07,Sunday,27,Classic Support,Beverages,7,True
2024-01-07,Sunday,28,Premium Represent,Produce,56,True
2024-01-07,Sunday,29,Fresh Get,Meat,36,True
2024-01-07,Sunday,30,Premium Finish,Meat,67,True
2024-01-07,Sunday,31,Premium Machine,Dairy,30,True
2024-01-07,Sunday,32,Fresh Rest,Beverages,22,True
2024-01-07,Sunday,33,Fresh Economic,Frozen,75,True
2024-01-07,Sunday,34,Organic Summer,Frozen,24,True
2024-01-07,Sunday,35,Organic Thus,Meat,75,True
2024-01-07,Sunday,36,Premium Wrong,Bakery,37,True
2024-01-07,Sunday,37,Premium Cause,Dairy,37,True
2024-01-07,Sunday,38,Classic Easy,Beverages,69,True
2024-01-07,Sunday,39,Fresh Local,Frozen,40,True
2024-01-07,Sunday,40,Fresh Customer,Dairy,47,True
2024-01-07,Sunday,41,Classic Century,Dairy,64,True
2024-01-07,Sunday,42,Fresh Situation,Frozen,16,True
2024-01-07,Sunday,43,Fresh Quickly,Beverages,73,True
2024-01-07,Sunday,44,Premium Cause,Dairy,14,True
2024-01-07,Sunday,45,Organic Leave,Produce,16,True
2024-01-07,Sunday,46,Organic Strong,Bakery,39,True
2024-01-07,Sunday,47,Fresh Strong,Produce,38,True
2024-01-07,Sunday,48,Fresh Newspaper,Produce,19,True
2024-01-07,Sunday,49,Fresh Carry,Dairy,12,True
2024-01-07,Sunday,50,Premium Catch,Meat,15,True
2024-01-08,Monday,1,Fresh Third,Dairy,10,False
2024-01-08,Monday,2,Organic Skin,Meat,13,False
2024-01-08,Monday,3,Organic Your,Frozen,10,False
2024-01-08,Monday,4,Fresh Particularly,Frozen,20,False
2024-01-08,Monday,5,Classic South,Dairy,19,False
2024-01-08,Monday,6,Premium Project,Dairy,24,False
2024-01-08,Monday,7,Fresh Wait,Frozen,33,False
2024-01-08,Monday,8,Fresh Drug,Produce,27,False
2024-01-08,Monday,9,Organic With,Frozen,23,False
2024-01-08,Monday,10,Classic Ago,Beverages,31,False
2024-01-08,Monday,11,Organic Lot,Dairy,20,False
2024-01-08,Monday,12,Classic Republican,Bakery,28,False
2024-01-08,Monday,13,Organic Least,Dairy,13,False
2024-01-08,Monday,14,Organic Money,Bakery,24,False
2024-01-08,Monday,15,Classic Hundred,Bakery,23,False
2024-01-08,Monday,16,Fresh Rich,Produce,41,False
2024-01-08,Monday,17,Premium Baby,Frozen,24,False
2024-01-08,Monday,18,Classic Happy,Meat,27,False
2024-01-08,Monday,19,Premium Two,Meat,14,False
2024-01-08,Monday,20,Organic Without,Frozen,18,False
2024-01-08,Monday,21,Fresh Against,Meat,9,False
2024-01-08,Monday,22,Premium Simple,Beverages,28,False
2024-01-08,Monday,23,Premium Area,Meat,36,False
2024-01-08,Monday,24,Fresh Air,Beverages,45,False
2024-01-08,Monday,25,Classic We,Meat,33,False
2024-01-08,Monday,26,Classic Outside,Frozen,18,False
2024-01-08,Monday,27,Classic Support,Beverages,4,False
2024-01-08,Monday,28,Premium Represent,Produce,29,False
2024-01-08,Monday,29,Fresh Get,Meat,10,False
2024-01-08,Monday,30,Premium Finish,Meat,38,False
2024-01-08,Monday,31,Premium Machine,Dairy,16,False
2024-01-08,Monday,32,Fresh Rest,Beverages,13,False
2024-01-08,Monday,33,Fresh Economic,Frozen,27,False
2024-01-08,Monday,34,Organic Summer,Frozen,30,False
2024-01-08,Monday,35,Organic Thus,Meat,44,False
2024-01-08,Monday,36,Premium Wrong,Bakery,20,False
2024-01-08,Monday,37,Premium Cause,Dairy,33,False
2024-01-08,Monday,38,Classic Easy,Beverages,39,False
2024-01-08,Monday,39,Fresh Local,Frozen,15,False
2024-01-08,Monday,40,Fresh Customer,Dairy,26,False
2024-01-08,Monday,41,Classic Century,Dairy,32,False
2024-01-08,Monday,42,Fresh Situation,Frozen,7,False
2024-01-08,Monday,43,Fresh Quickly,Beverages,32,False
2024-01-08,Monday,44,Premium Cause,Dairy,9,False
2024-01-08,Monday,45,Organic Leave,Produce,10,False
2024-01-08,Monday,46,Organic Strong,Bakery,20,False
2024-01-08,Monday,47,Fresh Strong,Produce,22,False
2024-01-08,Monday,48,Fresh Newspaper,Produce,13,False
2024-01-08,Monday,49,Fresh Carry,Dairy,6,False
2024-01-08,Monday,50,Premium Catch,Meat,10,False
2024-01-09,Tuesday,1,Fresh Third,Dairy,8,False
2024-01-09,Tuesday,2,Organic Skin,Meat,22,False
2024-01-09,Tuesday,3,Organic Your,Frozen,9,False
2024-01-09,Tuesday,4,Fresh Particularly,Frozen,34,False
2024-01-09,Tuesday,5,Classic South,Dairy,28,False
2024-01-09,Tuesday,6,Premium Project,Dairy,20,False
2024-01-09,Tuesday,7,Fresh Wait,Frozen,38,False
2024-01-09,Tuesday,8,Fresh Drug,Produce,20,False
2024-01-09,Tuesday,9,Organic With,Frozen,22,False
2024-01-09,Tuesday,10,Classic Ago,Beverages,26,False
2024-01-09,Tuesday,11,Organic Lot,Dairy,15,False
2024-01-09,Tuesday,12,Classic Republican,Bakery,25,False
2024-01-09,Tuesday,13,Organic Least,Dairy,16,False
2024-01-09,Tuesday,14,Organic Money,Bakery,15,False
2024-01-09,Tuesday,15,Classic Hundred,Bakery,19,False
2024-01-09,Tuesday,16,Fresh Rich,Produce,29,False
2024-01-09,Tuesday,17,Premium Baby,Frozen,38,False
2024-01-09,Tuesday,18,Classic Happy,Meat,49,False
2024-01-09,Tuesday,19,Premium Two,Meat,17,False
2024-01-09,Tuesday,20,Organic Without,Frozen,31,False
2024-01-09,Tuesday,21,Fresh Against,Meat,9,False
2024-01-09,Tuesday,22,Premium Simple,Beverages,19,False
2024-01-09,Tuesday,23,Premium Area,Meat,21,False
2024-01-09,Tuesday,24,Fresh Air,Beverages,33,False
2024-01-09,Tuesday,25,Classic We,Meat,28,False
2024-01-09,Tuesday,26,Classic Outside,Frozen,24,False
2024-01-09,Tuesday,27,Classic Support,Beverages,4,False
2024-01-09,Tuesday,28,Premium Represent,Produce,27,False
2024-01-09,Tuesday,29,Fresh Get,Meat,11,False
2024-01-09,Tuesday,30,Premium Finish,Meat,36,False
2024-01-09,Tuesday,31,Premium Machine,Dairy,10,False
2024-01-09,Tuesday,32,Fresh Rest,Beverages,13,False
2024-01-09,Tuesday,33,Fresh Economic,Frozen,40,False
2024-01-09,Tuesday,34,Organic Summer,Frozen,21,False
2024-01-09,Tuesday,35,Organic Thus,Meat,44,False
2024-01-09,Tuesday,36,Premium Wrong,Bakery,21,False
2024-01-09,Tuesday,37,Premium Cause,Dairy,24,False
2024-01-09,Tuesday,38,Classic Easy,Beverages,42,False
2024-01-09,Tuesday,39,Fresh Local,Frozen,12,False
2024-01-09,Tuesday,40,Fresh Customer,Dairy,23,False
2024-01-09,Tuesday,41,Classic Century,Dairy,35,False
2024-01-09,Tuesday,42,Fresh Situation,Frozen,7,False
2024-01-09,Tuesday,43,Fresh Quickly,Beverages,36,False
2024-01-09,Tuesday,44,Premium Cause,Dairy,7,False
2024-01-09,Tuesday,45,Organic Leave,Produce,7,False
2024-01-09,Tuesday,46,Organic Strong,Bakery,20,False
2024-01-09,Tuesday,47,Fresh Strong,Produce,21,False
2024-01-09,Tuesday,48,Fresh Newspaper,Produce,11,False
2024-01-09,Tuesday,49,Fresh Carry,Dairy,5,False
2024-01-09,Tuesday,50,Premium Catch,Meat,12,False
2024-01-10,Wednesday,1,Fresh Third,Dairy,11,False
2024-01-10,Wednesday,2,Organic Skin,Meat,16,False
2024-01-10,Wednesday,3,Organic Your,Frozen,6,False
2024-01-10,Wednesday,4,Fresh Particularly,Frozen,23,False
2024-01-10,Wednesday,5,Classic South,Dairy,30,False
2024-01-10,Wednesday,6,Premium Project,Dairy,23,False
2024-01-10,Wednesday,7,Fresh Wait,Frozen,32,False
2024-01-10,Wednesday,8,Fresh Drug,Produce,34,False
2024-01-10,Wednesday,9,Organic With,Frozen,26,False
2024-01-10,Wednesday,10,Classic Ago,Beverages,20,False
2024-01-10,Wednesday,11,Organic Lot,Dairy,14,False
2024-01-10,Wednesday,12,Classic Republican,Bakery,32,False
2024-01-10,Wednesday,13,Organic Least,Dairy,15,False
2024-01-10,Wednesday,14,Organic Money,Bakery,26,False
2024-01-10,Wednesday,15,Classic Hundred,Bakery,26,False
2024-01-10,Wednesday,16,Fresh Rich,Produce,25,False
2024-01-10,Wednesday,17,Premium Baby,Frozen,26,False
2024-01-10,Wednesday,18,Classic Happy,Meat,29,False
2024-01-10,Wednesday,19,Premium Two,Meat,20,False
2024-01-10,Wednesday,20,Organic Without,Frozen,27,False
2024-01-10,Wednesday,21,Fresh Against,Meat,7,False
2024-01-10,Wednesday,22,Premium Simple,Beverages,22,False
2024-01-10,Wednesday,23,Premium Area,Meat,25,False
2024-01-10,Wednesday,24,Fresh Air,Beverages,33,False
2024-01-10,Wednesday,25,Classic We,Meat,36,False
2024-01-10,Wednesday,26,Classic Outside,Frozen,26,False
2024-01-10,Wednesday,27,Classic Support,Beverages,4,False
2024-01-10,Wednesday,28,Premium Represent,Produce,27,False
2024-01-10,Wednesday,29,Fresh Get,Meat,14,False
2024-01-10,Wednesday,30,Premium Finish,Meat,29,False
2024-01-10,Wednesday,31,Premium Machine,Dairy,10,False
2024-01-10,Wednesday,32,Fresh Rest,Beverages,11,False
2024-01-10,Wednesday,33,Fresh Economic,Frozen,34,False
2024-01-10,Wednesday,34,Organic Summer,Frozen,26,False
2024-01-10,Wednesday,35,Organic Thus,Meat,34,False
2024-01-10,Wednesday,36,Premium Wrong,Bakery,22,False
2024-01-10,Wednesday,37,Premium Cause,Dairy,24,False
2024-01-10,Wednesday,38,Classic Easy,Beverages,27,False
2024-01-10,Wednesday,39,Fresh Local,Frozen,17,False
2024-01-10,Wednesday,40,Fresh Customer,Dairy,22,False
2024-01-10,Wednesday,41,Classic Century,Dairy,34,False
2024-01-10,Wednesday,42,Fresh Situation,Frozen,7,False
2024-01-10,Wednesday,43,Fresh Quickly,Beverages,31,False
2024-01-10,Wednesday,44,Premium Cause,Dairy,13,False
2024-01-10,Wednesday,45,Organic Leave,Produce,13,False
2024-01-10,Wednesday,46,Organic Strong,Bakery,16,False
2024-01-10,Wednesday,47,Fresh Strong,Produce,21,False
2024-01-10,Wednesday,48,Fresh Newspaper,Produce,13,False
2024-01-10,Wednesday,49,Fresh Carry,Dairy,7,False
2024-01-10,Wednesday,50,Premium Catch,Meat,9,False
2024-01-11,Thursday,1,Fresh Third,Dairy,11,False
2024-01-11,Thursday,2,Organic Skin,Meat,13,False
2024-01-11,Thursday,3,Organic Your,Frozen,8,False
2024-01-11,Thursday,4,Fresh Particularly,Frozen,19,False
2024-01-11,Thursday,5,Classic South,Dairy,30,False
2024-01-11,Thursday,6,Premium Project,Dairy,22,False
2024-01-11,Thursday,7,Fresh Wait,Frozen,25,False
2024-01-11,Thursday,8,Fresh Drug,Produce,27,False
2024-01-11,Thursday,9,Organic With,Frozen,26,False
2024-01-11,Thursday,10,Classic Ago,Beverages,19,False
2024-01-11,Thursday,11,Organic Lot,Dairy,24,False
2024-01-11,Thursday,12,Classic Republican,Bakery,24,False
2024-01-11,Thursday,13,Organic Least,Dairy,9,False
2024-01-11,Thursday,14,Organic Money,Bakery,23,False
2024-01-11,Thursday,15,Classic Hundred,Bakery,21,False
2024-01-11,Thursday,16,Fresh Rich,Produce,43,False
2024-01-11,Thursday,17,Premium Baby,Frozen,34,False
2024-01-11,Thursday,18,Classic Happy,Meat,43,False
2024-01-11,Thursday,19,Premium Two,Meat,19,False
2024-01-11,Thursday,20,Organic Without,Frozen,28,False
2024-01-11,Thursday,21,Fresh Against,Meat,12,False
2024-01-11,Thursday,22,Premium Simple,Beverages,21,False
2024-01-11,Thursday,23,Premium Area,Meat,36,False
2024-01-11,Thursday,24,Fresh Air,Beverages,39,False
2024-01-11,Thursday,25,Classic We,Meat,42,False
2024-01-11,Thursday,26,Classic Outside,Frozen,15,False
2024-01-11,Thursday,27,Classic Support,Beverages,7,False
2024-01-11,Thursday,28,Premium Represent,Produce,42,False
2024-01-11,Thursday,29,Fresh Get,Meat,10,False
2024-01-11,Thursday,30,Premium Finish,Meat,44,False
2024-01-11,Thursday,31,Premium Machine,Dairy,14,False
2024-01-11,Thursday,32,Fresh Rest,Beverages,16,False
2024-01-11,Thursday,33,Fresh Economic,Frozen,30,False
2024-01-11,Thursday,34,Organic Summer,Frozen,19,False
2024-01-11,Thursday,35,Organic Thus,Meat,25,False
2024-01-11,Thursday,36,Premium Wrong,Bakery,19,False
2024-01-11,Thursday,37,Premium Cause,Dairy,29,False
2024-01-11,Thursday,38,Classic Easy,Beverages,30,False
2024-01-11,Thursday,39,Fresh Local,Frozen,12,False
2024-01-11,Thursday,40,Fresh Customer,Dairy,20,False
2024-01-11,Thursday,41,Classic Century,Dairy,33,False
2024-01-11,Thursday,42,Fresh Situation,Frozen,7,False
2024-01-11,Thursday,43,Fresh Quickly,Beverages,27,False
2024-01-11,Thursday,44,Premium Cause,Dairy,12,False
2024-01-11,Thursday,45,Organic Leave,Produce,10,False
2024-01-11,Thursday,46,Organic Strong,Bakery,23,False
2024-01-11,Thursday,47,Fresh Strong,Produce,14,False
2024-01-11,Thursday,48,Fresh Newspaper,Produce,10,False
2024-01-11,Thursday,49,Fresh Carry,Dairy,7,False
2024-01-11,Thursday,50,Premium Catch,Meat,11,False
2024-01-12,Friday,1,Fresh Third,Dairy,10,False
2024-01-12,Friday,2,Organic Skin,Meat,14,False
2024-01-12,Friday,3,Organic Your,Frozen,11,False
2024-01-12,Friday,4,Fresh Particularly,Frozen,21,False
2024-01-12,Friday,5,Classic South,Dairy,17,False
2024-01-12,Friday,6,Premium Project,Dairy,22,False
2024-01-12,Friday,7,Fresh Wait,Frozen,34,False
2024-01-12,Friday,8,Fresh Drug,Produce,35,False
2024-01-12,Friday,9,Organic With,Frozen,29,False
2024-01-12,Friday,10,Classic Ago,Beverages,23,False
2024-01-12,Friday,11,Organic Lot,Dairy,16,False
2024-01-12,Friday,12,Classic Republican,Bakery,36,False
2024-01-12,Friday,13,Organic Least,Dairy,10,False
2024-01-12,Friday,14,Organic Money,Bakery,17,False
2024-01-12,Friday,15,Classic Hundred,Bakery,25,False
2024-01-12,Friday,16,Fresh Rich,Produce,26,False
2024-01-12,Friday,17,Premium Baby,Frozen,36,False
2024-01-12,Friday,18,Classic Happy,Meat,42,False
2024-01-12,Friday,19,Premium Two,Meat,13,False
2024-01-12,Friday,20,Organic Without,Frozen,25,False
2024-01-12,Friday,21,Fresh Against,Meat,8,False
2024-01-12,Friday,22,Premium Simple,Beverages,23,False
2024-01-12,Friday,23,Premium Area,Meat,20,False
2024-01-12,Friday,24,Fresh Air,Beverages,35,False
2024-01-12,Friday,25,Classic We,Meat,44,False
2024-01-12,Friday,26,Classic Outside,Frozen,21,False
2024-01-12,Friday,27,Classic Support,Beverages,6,False
2024-01-12,Friday,28,Premium Represent,Produce,24,False
2024-01-12,Friday,29,Fresh Get,Meat,13,False
2024-01-12,Friday,30,Premium Finish,Meat,27,False
2024-01-12,Friday,31,Premium Machine,Dairy,11,False
2024-01-12,Friday,32,Fresh Rest,Beverages,10,False
2024-01-12,Friday,33,Fresh Economic,Frozen,40,False
2024-01-12,Friday,34,Organic Summer,Frozen,28,False
2024-01-12,Friday,35,Organic Thus,Meat,39,False
2024-01-12,Friday,36,Premium Wrong,Bakery,12,False
2024-01-12,Friday,37,Premium Cause,Dairy,21,False
2024-01-12,Friday,38,Classic Easy,Beverages,26,False
2024-01-12,Friday,39,Fresh Local,Frozen,14,False
2024-01-12,Friday,40,Fresh Customer,Dairy,17,False
2024-01-12,Friday,41,Classic Century,Dairy,31,False
2024-01-12,Friday,42,Fresh Situation,Frozen,6,False
2024-01-12,Friday,43,Fresh Quickly,Beverages,30,False
2024-01-12,Friday,44,Premium Cause,Dairy,7,False
2024-01-12,Friday,45,Organic Leave,Produce,11,False
2024-01-12,Friday,46,Organic Strong,Bakery,18,False
2024-01-12,Friday,47,Fresh Strong,Produce,15,False
2024-01-12,Friday,48,Fresh Newspaper,Produce,12,False
2024-01-12,Friday,49,Fresh Carry,Dairy,8,False
2024-01-12,Friday,50,Premium Catch,Meat,13,False
2024-01-13,Saturday,1,Fresh Third,Dairy,26,True
2024-01-13,Saturday,2,Organic Skin,Meat,32,True
2024-01-13,Saturday,3,Organic Your,Frozen,22,True
2024-01-13,Saturday,4,Fresh Particularly,Frozen,38,True
2024-01-13,Saturday,5,Classic South,Dairy,38,True
2024-01-13,Saturday,6,Premium Project,Dairy,34,True
2024-01-13,Saturday,7,Fresh Wait,Frozen,47,True
2024-01-13,Saturday,8,Fresh Drug,Produce,50,True
2024-01-13,Saturday,9,Organic With,Frozen,58,True
2024-01-13,Saturday,10,Classic Ago,Beverages,34,True
2024-01-13,Saturday,11,Organic Lot,Dairy,36,True
2024-01-13,Saturday,12,Classic Republican,Bakery,45,True
2024-01-13,Saturday,13,Organic Least,Dairy,14,True
2024-01-13,Saturday,14,Organic Money,Bakery,50,True
2024-01-13,Saturday,15,Classic Hundred,Bakery,42,True
2024-01-13,Saturday,16,Fresh Rich,Produce,101,True
2024-01-13,Saturday,17,Premium Baby,Frozen,87,True
2024-01-13,Saturday,18,Classic Happy,Meat,65,True
2024-01-13,Saturday,19,Premium Two,Meat,23,True
2024-01-13,Saturday,20,Organic Without,Frozen,41,True
2024-01-13,Saturday,21,Fresh Against,Meat,19,True
2024-01-13,Saturday,22,Premium Simple,Beverages,38,True
2024-01-13,Saturday,23,Premium Area,Meat,60,True
2024-01-13,Saturday,24,Fresh Air,Beverages,83,True
2024-01-13,Saturday,25,Classic We,Meat,74,True
2024-01-13,Saturday,26,Classic Outside,Frozen,38,True
2024-01-13,Saturday,27,Classic Support,Beverages,6,True
2024-01-13,Saturday,28,Premium Represent,Produce,98,True
2024-01-13,Saturday,29,Fresh Get,Meat,38,True
2024-01-13,Saturday,30,Premium Finish,Meat,59,True
2024-01-13,Saturday,31,Premium Machine,Dairy,30,True
2024-01-13,Saturday,32,Fresh Rest,Beverages,22,True
2024-01-13,Saturday,33,Fresh Economic,Frozen,77,True
2024-01-13,Saturday,34,Organic Summer,Frozen,28,True
2024-01-13,Saturday,35,Organic Thus,Meat,82,True
2024-01-13,Saturday,36,Premium Wrong,Bakery,37,True
2024-01-13,Saturday,37,Premium Cause,Dairy,39,True
2024-01-13,Saturday,38,Classic Easy,Beverages,60,True
2024-01-13,Saturday,39,Fresh Local,Frozen,39,True
2024-01-13,Saturday,40,Fresh Customer,Dairy,42,True
2024-01-13,Saturday,41,Classic Century,Dairy,46,True
2024-01-13,Saturday,42,Fresh Situation,Frozen,12,True
2024-01-13,Saturday,43,Fresh Quickly,Beverages,66,True
2024-01-13,Saturday,44,Premium Cause,Dairy,11,True
2024-01-13,Saturday,45,Organic Leave,Produce,19,True
2024-01-13,Saturday,46,Organic Strong,Bakery,51,True
2024-01-13,Saturday,47,Fresh Strong,Produce,49,True
2024-01-13,Saturday,48,Fresh Newspaper,Produce,18,True
2024-01-13,Saturday,49,Fresh Carry,Dairy,13,True
2024-01-13,Saturday,50,Premium Catch,Meat,17,True
2024-01-14,Sunday,1,Fresh Third,Dairy,24,True
2024-01-14,Sunday,2,Organic Skin,Meat,29,True
2024-01-14,Sunday,3,Organic Your,Frozen,15,True
2024-01-14,Sunday,4,Fresh Particularly,Frozen,37,True
2024-01-14,Sunday,5,Classic South,Dairy,31,True
2024-01-14,Sunday,6,Premium Project,Dairy,55,True
2024-01-14,Sunday,7,Fresh Wait,Frozen,38,True
2024-01-14,Sunday,8,Fresh Drug,Produce,79,True
2024-01-14,Sunday,9,Organic With,Frozen,46,True
2024-01-14,Sunday,10,Classic Ago,Beverages,49,True
2024-01-14,Sunday,11,Organic Lot,Dairy,34,True
2024-01-14,Sunday,12,Classic Republican,Bakery,50,True
2024-01-14,Sunday,13,Organic Least,Dairy,11,True
2024-01-14,Sunday,14,Organic Money,Bakery,47,True
2024-01-14,Sunday,15,Classic Hundred,Bakery,53,True
2024-01-14,Sunday,16,Fresh Rich,Produce,67,True
2024-01-14,Sunday,17,Premium Baby,Frozen,76,True
2024-01-14,Sunday,18,Classic Happy,Meat,67,True
2024-01-14,Sunday,19,Premium Two,Meat,27,True
2024-01-14,Sunday,20,Organic Without,Frozen,34,True
2024-01-14,Sunday,21,Fresh Against,Meat,17,True
2024-01-14,Sunday,22,Premium Simple,Beverages,34,True
2024-01-14,Sunday,23,Premium Area,Meat,78,True
2024-01-14,Sunday,24,Fresh Air,Beverages,63,True
2024-01-14,Sunday,25,Classic We,Meat,51,True
2024-01-14,Sunday,26,Classic Outside,Frozen,45,True
2024-01-14,Sunday,27,Classic Support,Beverages,7,True
2024-01-14,Sunday,28,Premium Represent,Produce,53,True
2024-01-14,Sunday,29,Fresh Get,Meat,37,True
2024-01-14,Sunday,30,Premium Finish,Meat,66,True
2024-01-14,Sunday,31,Premium Machine,Dairy,20,True
2024-01-14,Sunday,32,Fresh Rest,Beverages,21,True
2024-01-14,Sunday,33,Fresh Economic,Frozen,75,True
2024-01-14,Sunday,34,Organic Summer,Frozen,42,True
2024-01-14,Sunday,35,Organic Thus,Meat,63,True
2024-01-14,Sunday,36,Premium Wrong,Bakery,26,True
2024-01-14,Sunday,37,Premium Cause,Dairy,50,True
2024-01-14,Sunday,38,Classic Easy,Beverages,74,True
2024-01-14,Sunday,39,Fresh Local,Frozen,32,True
2024-01-14,Sunday,40,Fresh Customer,Dairy,51,True
2024-01-14,Sunday,41,Classic Century,Dairy,75,True
2024-01-14,Sunday,42,Fresh Situation,Frozen,13,True
2024-01-14,Sunday,43,Fresh Quickly,Beverages,47,True
2024-01-14,Sunday,44,Premium Cause,Dairy,18,True
2024-01-14,Sunday,45,Organic Leave,Produce,15,True
2024-01-14,Sunday,46,Organic Strong,Bakery,46,True
2024-01-14,Sunday,47,Fresh Strong,Produce,31,True
2024-01-14,Sunday,48,Fresh Newspaper,Produce,16,True
2024-01-14,Sunday,49,Fresh Carry,Dairy,7,True
2024-01-14,Sunday,50,Premium Catch,Meat,19,True
2024-01-15,Monday,1,Fresh Third,Dairy,11,False
2024-01-15,Monday,2,Organic Skin,Meat,19,False
2024-01-15,Monday,3,Organic Your,Frozen,10,False
2024-01-15,Monday,4,Fresh Particularly,Frozen,21,False
2024-01-15,Monday,5,Classic South,Dairy,17,False
2024-01-15,Monday,6,Premium Project,Dairy,28,False
2024-01-15,Monday,7,Fresh Wait,Frozen,23,False
2024-01-15,Monday,8,Fresh Drug,Produce,36,False
2024-01-15,Monday,9,Organic With,Frozen,24,False
2024-01-15,Monday,10,Classic Ago,Beverages,29,False
2024-01-15,Monday,11,Organic Lot,Dairy,24,False
2024-01-15,Monday,12,Classic Republican,Bakery,33,False
2024-01-15,Monday,13,Organic Least,Dairy,16,False
2024-01-15,Monday,14,Organic Money,Bakery,15,False
2024-01-15,Monday,15,Classic Hundred,Bakery,19,False
2024-01-15,Monday,16,Fresh Rich,Produce,38,False
2024-01-15,Monday,17,Premium Baby,Frozen,31,False
2024-01-15,Monday,18,Classic Happy,Meat,29,False
2024-01-15,Monday,19,Premium Two,Meat,15,False
2024-01-15,Monday,20,Organic Without,Frozen,18,False
2024-01-15,Monday,21,Fresh Against,Meat,10,False
2024-01-15,Monday,22,Premium Simple,Beverages,21,False
2024-01-15,Monday,23,Premium Area,Meat,30,False
2024-01-15,Monday,24,Fresh Air,Beverages,27,False
2024-01-15,Monday,25,Classic We,Meat,44,False
2024-01-15,Monday,26,Classic Outside,Frozen,18,False
2024-01-15,Monday,27,Classic Support,Beverages,6,False
2024-01-15,Monday,28,Premium Represent,Produce,40,False
2024-01-15,Monday,29,Fresh Get,Meat,10,False
2024-01-15,Monday,30,Premium Finish,Meat,40,False
2024-01-15,Monday,31,Premium Machine,Dairy,15,False
2024-01-15,Monday,32,Fresh Rest,Beverages,16,False
2024-01-15,Monday,33,Fresh Economic,Frozen,23,False
2024-01-15,Monday,34,Organic Summer,Frozen,19,False
2024-01-15,Monday,35,Organic Thus,Meat,37,False
2024-01-15,Monday,36,Premium Wrong,Bakery,16,False
2024-01-15,Monday,37,Premium Cause,Dairy,28,False
2024-01-15,Monday,38,Classic Easy,Beverages,36,False
2024-01-15,Monday,39,Fresh Local,Frozen,13,False
2024-01-15,Monday,40,Fresh Customer,Dairy,18,False
2024-01-15,Monday,41,Classic Century,Dairy,28,False
2024-01-15,Monday,42,Fresh Situation,Frozen,4,False
2024-01-15,Monday,43,Fresh Quickly,Beverages,24,False
2024-01-15,Monday,44,Premium Cause,Dairy,12,False
2024-01-15,Monday,45,Organic Leave,Produce,10,False
2024-01-15,Monday,46,Organic Strong,Bakery,22,False
2024-01-15,Monday,47,Fresh Strong,Produce,21,False
2024-01-15,Monday,48,Fresh Newspaper,Produce,12,False
2024-01-15,Monday,49,Fresh Carry,Dairy,6,False
2024-01-15,Monday,50,Premium Catch,Meat,10,False
2024-01-16,Tuesday,1,Fresh Third,Dairy,10,False
2024-01-16,Tuesday,2,Organic Skin,Meat,18,False
2024-01-16,Tuesday,3,Organic Your,Frozen,10,False
2024-01-16,Tuesday,4,Fresh Particularly,Frozen,31,False
2024-01-16,Tuesday,5,Classic South,Dairy,21,False
2024-01-16,Tuesday,6,Premium Project,Dairy,29,False
2024-01-16,Tuesday,7,Fresh Wait,Frozen,27,False
2024-01-16,Tuesday,8,Fresh Drug,Produce,26,False
2024-01-16,Tuesday,9,Organic With,Frozen,26,False
2024-01-16,Tuesday,10,Classic Ago,Beverages,24,False
2024-01-16,Tuesday,11,Organic Lot,Dairy,19,False
2024-01-16,Tuesday,12,Classic Republican,Bakery,25,False
2024-01-16,Tuesday,13,Organic Least,Dairy,11,False
2024-01-16,Tuesday,14,Organic Money,Bakery,20,False
2024-01-16,Tuesday,15,Classic Hundred,Bakery,29,False
2024-01-16,Tuesday,16,Fresh Rich,Produce,40,False
2024-01-16,Tuesday,17,Premium Baby,Frozen,36,False
2024-01-16,Tuesday,18,Classic Happy,Meat,27,False
2024-01-16,Tuesday,19,Premium Two,Meat,23,False
2024-01-16,Tuesday,20,Organic Without,Frozen,21,False
2024-01-16,Tuesday,21,Fresh Against,Meat,8,False
2024-01-16,Tuesday,22,Premium Simple,Beverages,18,False
2024-01-16,Tuesday,23,Premium Area,Meat,20,False
2024-01-16,Tuesday,24,Fresh Air,Beverages,35,False
2024-01-16,Tuesday,25,Classic We,Meat,48,False
2024-01-16,Tuesday,26,Classic Outside,Frozen,20,False
2024-01-16,Tuesday,27,Classic Support,Beverages,7,False
2024-01-16,Tuesday,28,Premium Represent,Produce,31,False
2024-01-16,Tuesday,29,Fresh Get,Meat,13,False
2024-01-16,Tuesday,30,Premium Finish,Meat,37,False
2024-01-16,Tuesday,31,Premium Machine,Dairy,12,False
2024-01-16,Tuesday,32,Fresh Rest,Beverages,13,False
2024-01-16,Tuesday,33,Fresh Economic,Frozen,30,False
2024-01-16,Tuesday,34,Organic Summer,Frozen,27,False
2024-01-16,Tuesday,35,Organic Thus,Meat,43,False
2024-01-16,Tuesday,36,Premium Wrong,Bakery,18,False
2024-01-16,Tuesday,37,Premium Cause,Dairy,21,False
2024-01-16,Tuesday,38,Classic Easy,Beverages,39,False
2024-01-16,Tuesday,39,Fresh Local,Frozen,11,False
2024-01-16,Tuesday,40,Fresh Customer,Dairy,23,False
2024-01-16,Tuesday,41,Classic Century,Dairy,24,False
2024-01-16,Tuesday,42,Fresh Situation,Frozen,4,False
2024-01-16,Tuesday,43,Fresh Quickly,Beverages,40,False
2024-01-16,Tuesday,44,Premium Cause,Dairy,13,False
2024-01-16,Tuesday,45,Organic Leave,Produce,13,False
2024-01-16,Tuesday,46,Organic Strong,Bakery,22,False
2024-01-16,Tuesday,47,Fresh Strong,Produce,14,False
2024-01-16,Tuesday,48,Fresh Newspaper,Produce,10,False
2024-01-16,Tuesday,49,Fresh Carry,Dairy,6,False
2024-01-16,Tuesday,50,Premium Catch,Meat,12,False
2024-01-17,Wednesday,1,Fresh Third,Dairy,11,False
2024-01-17,Wednesday,2,Organic Skin,Meat,22,False
2024-01-17,Wednesday,3,Organic Your,Frozen,6,False
2024-01-17,Wednesday,4,Fresh Particularly,Frozen,33,False
2024-01-17,Wednesday,5,Classic South,Dairy,17,False
2024-01-17,Wednesday,6,Premium Project,Dairy,32,False
2024-01-17,Wednesday,7,Fresh Wait,Frozen,34,False
2024-01-17,Wednesday,8,Fresh Drug,Produce,24,False
2024-01-17,Wednesday,9,Organic With,Frozen,25,False
2024-01-17,Wednesday,10,Classic Ago,Beverages,28,False
2024-01-17,Wednesday,11,Organic Lot,Dairy,14,False
2024-01-17,Wednesday,12,Classic Republican,Bakery,35,False
2024-01-17,Wednesday,13,Organic Least,Dairy,13,False
2024-01-17,Wednesday,14,Organic Money,Bakery,16,False
2024-01-17,Wednesday,15,Classic Hundred,Bakery,22,False
2024-01-17,Wednesday,16,Fresh Rich,Produce,36,False
2024-01-17,Wednesday,17,Premium Baby,Frozen,23,False
2024-01-17,Wednesday,18,Classic Happy,Meat,41,False
2024-01-17,Wednesday,19,Premium Two,Meat,20,False
2024-01-17,Wednesday,20,Organic Without,Frozen,18,False
2024-01-17,Wednesday,21,Fresh Against,Meat,12,False
2024-01-17,Wednesday,22,Premium Simple,Beverages,22,False
2024-01-17,Wednesday,23,Premium Area,Meat,26,False
2024-01-17,Wednesday,24,Fresh Air,Beverages,29,False
2024-01-17,Wednesday,25,Classic We,Meat,48,False
2024-01-17,Wednesday,26,Classic Outside,Frozen,23,False
2024-01-17,Wednesday,27,Classic Support,Beverages,7,False
2024-01-17,Wednesday,28,Premium Represent,Produce,42,False
2024-01-17,Wednesday,29,Fresh Get,Meat,11,False
2024-01-17,Wednesday,30,Premium Finish,Meat,37,False
2024-01-17,Wednesday,31,Premium Machine,Dairy,11,False
2024-01-17,Wednesday,32,Fresh Rest,Beverages,15,False
2024-01-17,Wednesday,33,Fresh Economic,Frozen,31,False
2024-01-17,Wednesday,34,Organic Summer,Frozen,21,False
2024-01-17,Wednesday,35,Organic Thus,Meat,42,False
2024-01-17,Wednesday,36,Premium Wrong,Bakery,13,False
2024-01-17,Wednesday,37,Premium Cause,Dairy,26,False
2024-01-17,Wednesday,38,Classic Easy,Beverages,30,False
2024-01-17,Wednesday,39,Fresh Local,Frozen,16,False
2024-01-17,Wednesday,40,Fresh Customer,Dairy,26,False
2024-01-17,Wednesday,41,Classic Century,Dairy,31,False
2024-01-17,Wednesday,42,Fresh Situation,Frozen,7,False
2024-01-17,Wednesday,43,Fresh Quickly,Beverages,35,False
2024-01-17,Wednesday,44,Premium Cause,Dairy,9,False
2024-01-17,Wednesday,45,Organic Leave,Produce,11,False
2024-01-17,Wednesday,46,Organic Strong,Bakery,19,False
2024-01-17,Wednesday,47,Fresh Strong,Produce,17,False
2024-01-17,Wednesday,48,Fresh Newspaper,Produce,10,False
2024-01-17,Wednesday,49,Fresh Carry,Dairy,6,False
2024-01-17,Wednesday,50,Premium Catch,Meat,11,False
2024-01-18,Thursday,1,Fresh Third,Dairy,10,False
2024-01-18,Thursday,2,Organic Skin,Meat,18,False
2024-01-18,Thursday,3,Organic Your,Frozen,9,False
2024-01-18,Thursday,4,Fresh Particularly,Frozen,34,False
2024-01-18,Thursday,5,Classic South,Dairy,25,False
2024-01-18,Thursday,6,Premium Project,Dairy,29,False
2024-01-18,Thursday,7,Fresh Wait,Frozen,25,False
2024-01-18,Thursday,8,Fresh Drug,Produce,35,False
2024-01-18,Thursday,9,Organic With,Frozen,19,False
2024-01-18,Thursday,10,Classic Ago,Beverages,30,False
2024-01-18,Thursday,11,Organic Lot,Dairy,22,False
2024-01-18,Thursday,12,Classic Republican,Bakery,39,False
2024-01-18,Thursday,13,Organic Least,Dairy,10,False
2024-01-18,Thursday,14,Organic Money,Bakery,25,False
2024-01-18,Thursday,15,Classic Hundred,Bakery,23,False
2024-01-18,Thursday,16,Fresh Rich,Produce,30,False
2024-01-18,Thursday,17,Premium Baby,Frozen,23,False
2024-01-18,Thursday,18,Classic Happy,Meat,41,False
2024-01-18,Thursday,19,Premium Two,Meat,17,False
2024-01-18,Thursday,20,Organic Without,Frozen,23,False
2024-01-18,Thursday,21,Fresh Against,Meat,9,False
2024-01-18,Thursday,22,Premium Simple,Beverages,26,False
2024-01-18,Thursday,23,Premium Area,Meat,34,False
2024-01-18,Thursday,24,Fresh Air,Beverages,28,False
2024-01-18,Thursday,25,Classic We,Meat,47,False
2024-01-18,Thursday,26,Classic Outside,Frozen,21,False
2024-01-18,Thursday,27,Classic Support,Beverages,6,False
2024-01-18,Thursday,28,Premium Represent,Produce,41,False
2024-01-18,Thursday,29,Fresh Get,Meat,13,False
2024-01-18,Thursday,30,Premium Finish,Meat,42,False
2024-01-18,Thursday,31,Premium Machine,Dairy,14,False
2024-01-18,Thursday,32,Fresh Rest,Beverages,11,False
2024-01-18,Thursday,33,Fresh Economic,Frozen,25,False
2024-01-18,Thursday,34,Organic Summer,Frozen,29,False
2024-01-18,Thursday,35,Organic Thus,Meat,33,False
2024-01-18,Thursday,36,Premium Wrong,Bakery,13,False
2024-01-18,Thursday,37,Premium Cause,Dairy,23,False
2024-01-18,Thursday,38,Classic Easy,Beverages,34,False
2024-01-18,Thursday,39,Fresh Local,Frozen,12,False
2024-01-18,Thursday,40,Fresh Customer,Dairy,26,False
2024-01-18,Thursday,41,Classic Century,Dairy,24,False
2024-01-18,Thursday,42,Fresh Situation,Frozen,6,False
2024-01-18,Thursday,43,Fresh Quickly,Beverages,28,False
2024-01-18,Thursday,44,Premium Cause,Dairy,7,False
2024-01-18,Thursday,45,Organic Leave,Produce,11,False
2024-01-18,Thursday,46,Organic Strong,Bakery,22,False
2024-01-18,Thursday,47,Fresh Strong,Produce,16,False
2024-01-18,Thursday,48,Fresh Newspaper,Produce,10,False
2024-01-18,Thursday,49,Fresh Carry,Dairy,8,False
2024-01-18,Thursday,50,Premium Catch,Meat,13,False
2024-01-19,Friday,1,Fresh Third,Dairy,9,False
2024-01-19,Friday,2,Organic Skin,Meat,14,False
2024-01-19,Friday,3,Organic Your,Frozen,10,False
2024-01-19,Friday,4,Fresh Particularly,Frozen,25,False
2024-01-19,Friday,5,Classic South,Dairy,18,False
2024-01-19,Friday,6,Premium Project,Dairy,24,False
2024-01-19,Friday,7,Fresh Wait,Frozen,35,False
2024-01-19,Friday,8,Fresh Drug,Produce,27,False
2024-01-19,Friday,9,Organic With,Frozen,20,False
2024-01-19,Friday,10,Classic Ago,Beverages,29,False
2024-01-19,Friday,11,Organic Lot,Dairy,20,False
2024-01-19,Friday,12,Classic Republican,Bakery,26,False
2024-01-19,Friday,13,Organic Least,Dairy,11,False
2024-01-19,Friday,14,Organic Money,Bakery,21,False
2024-01-19,Friday,15,Classic Hundred,Bakery,26,False
2024-01-19,Friday,16,Fresh Rich,Produce,43,False
2024-01-19,Friday,17,Premium Baby,Frozen,38,False
2024-01-19,Friday,18,Classic Happy,Meat,35,False
2024-01-19,Friday,19,Premium Two,Meat,21,False
2024-01-19,Friday,20,Organic Without,Frozen,27,False
2024-01-19,Friday,21,Fresh Against,Meat,11,False
2024-01-19,Friday,22,Premium Simple,Beverages,21,False
2024-01-19,Friday,23,Premium Area,Meat,36,False
2024-01-19,Friday,24,Fresh Air,Beverages,28,False
2024-01-19,Friday,25,Classic We,Meat,37,False
2024-01-19,Friday,26,Classic Outside,Frozen,21,False
2024-01-19,Friday,27,Classic Support,Beverages,5,False
2024-01-19,Friday,28,Premium Represent,Produce,28,False
2024-01-19,Friday,29,Fresh Get,Meat,14,False
2024-01-19,Friday,30,Premium Finish,Meat,36,False
2024-01-19,Friday,31,Premium Machine,Dairy,14,False
2024-01-19,Friday,32,Fresh Rest,Beverages,15,False
2024-01-19,Friday,33,Fresh Economic,Frozen,31,False
2024-01-19,Friday,34,Organic Summer,Frozen,31,False
2024-01-19,Friday,35,Organic Thus,Meat,32,False
2024-01-19,Friday,36,Premium Wrong,Bakery,15,False
2024-01-19,Friday,37,Premium Cause,Dairy,28,False
2024-01-19,Friday,38,Classic Easy,Beverages,23,False
2024-01-19,Friday,39,Fresh Local,Frozen,15,False
2024-01-19,Friday,40,Fresh Customer,Dairy,23,False
2024-01-19,Friday,41,Classic Century,Dairy,37,False
2024-01-19,Friday,42,Fresh Situation,Frozen,6,False
2024-01-19,Friday,43,Fresh Quickly,Beverages,23,False
2024-01-19,Friday,44,Premium Cause,Dairy,12,False
2024-01-19,Friday,45,Organic Leave,Produce,12,False
2024-01-19,Friday,46,Organic Strong,Bakery,15,False
2024-01-19,Friday,47,Fresh Strong,Produce,20,False
2024-01-19,Friday,48,Fresh Newspaper,Produce,11,False
2024-01-19,Friday,49,Fresh Carry,Dairy,5,False
2024-01-19,Friday,50,Premium Catch,Meat,10,False
2024-01-20,Saturday,1,Fresh Third,Dairy,23,True
2024-01-20,Saturday,2,Organic Skin,Meat,37,True
2024-01-20,Saturday,3,Organic Your,Frozen,17,True
2024-01-20,Saturday,4,Fresh Particularly,Frozen,34,True
2024-01-20,Saturday,5,Classic South,Dairy,23,True
2024-01-20,Saturday,6,Premium Project,Dairy,58,True
2024-01-20,Saturday,7,Fresh Wait,Frozen,37,True
2024-01-20,Saturday,8,Fresh Drug,Produce,68,True
2024-01-20,Saturday,9,Organic With,Frozen,47,True
2024-01-20,Saturday,10,Classic Ago,Beverages,32,True
2024-01-20,Saturday,11,Organic Lot,Dairy,26,True
2024-01-20,Saturday,12,Classic Republican,Bakery,70,True
2024-01-20,Saturday,13,Organic Least,Dairy,14,True
2024-01-20,Saturday,14,Organic Money,Bakery,40,True
2024-01-20,Saturday,15,Classic Hundred,Bakery,56,True
2024-01-20,Saturday,16,Fresh Rich,Produce,55,True
2024-01-20,Saturday,17,Premium Baby,Frozen,53,True
2024-01-20,Saturday,18,Classic Happy,Meat,65,True
2024-01-20,Saturday,19,Premium Two,Meat,25,True
2024-01-20,Saturday,20,Organic Without,Frozen,34,True
2024-01-20,Saturday,21,Fresh Against,Meat,26,True
2024-01-20,Saturday,22,Premium Simple,Beverages,33,True
2024-01-20,Saturday,23,Premium Area,Meat,58,True
2024-01-20,Saturday,24,Fresh Air,Beverages,85,True
2024-01-20,Saturday,25,Classic We,Meat,47,True
2024-01-20,Saturday,26,Classic Outside,Frozen,48,True
2024-01-20,Saturday,27,Classic Support,Beverages,6,True
2024-01-20,Saturday,28,Premium Represent,Produce,65,True
2024-01-20,Saturday,29,Fresh Get,Meat,24,True
2024-01-20,Saturday,30,Premium Finish,Meat,56,True
2024-01-20,Saturday,31,Premium Machine,Dairy,23,True
2024-01-20,Saturday,32,Fresh Rest,Beverages,22,True
2024-01-20,Saturday,33,Fresh Economic,Frozen,68,True
2024-01-20,Saturday,34,Organic Summer,Frozen,38,True
2024-01-20,Saturday,35,Organic Thus,Meat,56,True
2024-01-20,Saturday,36,Premium Wrong,Bakery,38,True
2024-01-20,Saturday,37,Premium Cause,Dairy,38,True
2024-01-20,Saturday,38,Classic Easy,Beverages,45,True
2024-01-20,Saturday,39,Fresh Local,Frozen,40,True
2024-01-20,Saturday,40,Fresh Customer,Dairy,53,True
2024-01-20,Saturday,41,Classic Century,Dairy,47,True
2024-01-20,Saturday,42,Fresh Situation,Frozen,12,True
2024-01-20,Saturday,43,Fresh Quickly,Beverages,49,True
2024-01-20,Saturday,44,Premium Cause,Dairy,16,True
2024-01-20,Saturday,45,Organic Leave,Produce,16,True
2024-01-20,Saturday,46,Organic Strong,Bakery,63,True
2024-01-20,Saturday,47,Fresh Strong,Produce,30,True
2024-01-20,Saturday,48,Fresh Newspaper,Produce,16,True
2024-01-20,Saturday,49,Fresh Carry,Dairy,12,True
2024-01-20,Saturday,50,Premium Catch,Meat,19,True
2024-01-21,Sunday,1,Fresh Third,Dairy,22,True
2024-01-21,Sunday,2,Organic Skin,Meat,27,True
2024-01-21,Sunday,3,Organic Your,Frozen,14,True
2024-01-21,Sunday,4,Fresh Particularly,Frozen,46,True
2024-01-21,Sunday,5,Classic South,Dairy,31,True
2024-01-21,Sunday,6,Premium Project,Dairy,54,True
2024-01-21,Sunday,7,Fresh Wait,Frozen,34,True
2024-01-21,Sunday,8,Fresh Drug,Produce,67,True
2024-01-21,Sunday,9,Organic With,Frozen,57,True
2024-01-21,Sunday,10,Classic Ago,Beverages,46,True
2024-01-21,Sunday,11,Organic Lot,Dairy,23,True
2024-01-21,Sunday,12,Classic Republican,Bakery,74,True
2024-01-21,Sunday,13,Organic Least,Dairy,13,True
2024-01-21,Sunday,14,Organic Money,Bakery,30,True
2024-01-21,Sunday,15,Classic Hundred,Bakery,45,True
2024-01-21,Sunday,16,Fresh Rich,Produce,59,True
2024-01-21,Sunday,17,Premium Baby,Frozen,62,True
2024-01-21,Sunday,18,Classic Happy,Meat,62,True
2024-01-21,Sunday,19,Premium Two,Meat,21,True
2024-01-21,Sunday,20,Organic Without,Frozen,57,True
2024-01-21,Sunday,21,Fresh Against,Meat,29,True
2024-01-21,Sunday,22,Premium Simple,Beverages,29,True
2024-01-21,Sunday,23,Premium Area,Meat,58,True
2024-01-21,Sunday,24,Fresh Air,Beverages,53,True
2024-01-21,Sunday,25,Classic We,Meat,43,True
2024-01-21,Sunday,26,Classic Outside,Frozen,44,True
2024-01-21,Sunday,27,Classic Support,Beverages,7,True
2024-01-21,Sunday,28,Premium Represent,Produce,81,True
2024-01-21,Sunday,29,Fresh Get,Meat,37,True
2024-01-21,Sunday,30,Premium Finish,Meat,54,True
2024-01-21,Sunday,31,Premium Machine,Dairy,21,True
2024-01-21,Sunday,32,Fresh Rest,Beverages,22,True
2024-01-21,Sunday,33,Fresh Economic,Frozen,79,True
2024-01-21,Sunday,34,Organic Summer,Frozen,26,True
2024-01-21,Sunday,35,Organic Thus,Meat,66,True
2024-01-21,Sunday,36,Premium Wrong,Bakery,37,True
2024-01-21,Sunday,37,Premium Cause,Dairy,42,True
2024-01-21,Sunday,38,Classic Easy,Beverages,78,True
2024-01-21,Sunday,39,Fresh Local,Frozen,26,True
2024-01-21,Sunday,40,Fresh Customer,Dairy,47,True
2024-01-21,Sunday,41,Classic Century,Dairy,44,True
2024-01-21,Sunday,42,Fresh Situation,Frozen,18,True
2024-01-21,Sunday,43,Fresh Quickly,Beverages,55,True
2024-01-21,Sunday,44,Premium Cause,Dairy,11,True
2024-01-21,Sunday,45,Organic Leave,Produce,20,True
2024-01-21,Sunday,46,Organic Strong,Bakery,58,True
2024-01-21,Sunday,47,Fresh Strong,Produce,37,True
2024-01-21,Sunday,48,Fresh Newspaper,Produce,14,True
2024-01-21,Sunday,49,Fresh Carry,Dairy,7,True
2024-01-21,Sunday,50,Premium Catch,Meat,11,True
2024-01-22,Monday,1,Fresh Third,Dairy,11,False
2024-01-22,Monday,2,Organic Skin,Meat,13,False
2024-01-22,Monday,3,Organic Your,Frozen,8,False
2024-01-22,Monday,4,Fresh Particularly,Frozen,22,False
2024-01-22,Monday,5,Classic South,Dairy,21,False
2024-01-22,Monday,6,Premium Project,Dairy,26,False
2024-01-22,Monday,7,Fresh Wait,Frozen,32,False
2024-01-22,Monday,8,Fresh Drug,Produce,34,False
2024-01-22,Monday,9,Organic With,Frozen,29,False
2024-01-22,Monday,10,Classic Ago,Beverages,21,False
2024-01-22,Monday,11,Organic Lot,Dairy,19,False
2024-01-22,Monday,12,Classic Republican,Bakery,28,False
2024-01-22,Monday,13,Organic Least,Dairy,16,False
2024-01-22,Monday,14,Organic Money,Bakery,17,False
2024-01-22,Monday,15,Classic Hundred,Bakery,18,False
2024-01-22,Monday,16,Fresh Rich,Produce,40,False
2024-01-22,Monday,17,Premium Baby,Frozen,32,False
2024-01-22,Monday,18,Classic Happy,Meat,45,False
2024-01-22,Monday,19,Premium Two,Meat,21,False
2024-01-22,Monday,20,Organic Without,Frozen,28,False
2024-01-22,Monday,21,Fresh Against,Meat,11,False
2024-01-22,Monday,22,Premium Simple,Beverages,26,False
2024-01-22,Monday,23,Premium Area,Meat,34,False
2024-01-22,Monday,24,Fresh Air,Beverages,44,False
2024-01-22,Monday,25,Classic We,Meat,45,False
2024-01-22,Monday,26,Classic Outside,Frozen,16,False
2024-01-22,Monday,27,Classic Support,Beverages,6,False
2024-01-22,Monday,28,Premium Represent,Produce,38,False
2024-01-22,Monday,29,Fresh Get,Meat,12,False
2024-01-22,Monday,30,Premium Finish,Meat,25,False
2024-01-22,Monday,31,Premium Machine,Dairy,15,False
2024-01-22,Monday,32,Fresh Rest,Beverages,18,False
2024-01-22,Monday,33,Fresh Economic,Frozen,35,False
2024-01-22,Monday,34,Organic Summer,Frozen,26,False
2024-01-22,Monday,35,Organic Thus,Meat,43,False
2024-01-22,Monday,36,Premium Wrong,Bakery,20,False
2024-01-22,Monday,37,Premium Cause,Dairy,30,False
2024-01-22,Monday,38,Classic Easy,Beverages,36,False
2024-01-22,Monday,39,Fresh Local,Frozen,12,False
2024-01-22,Monday,40,Fresh Customer,Dairy,27,False
2024-01-22,Monday,41,Classic Century,Dairy,26,False
2024-01-22,Monday,42,Fresh Situation,Frozen,4,False
2024-01-22,Monday,43,Fresh Quickly,Beverages,29,False
2024-01-22,Monday,44,Premium Cause,Dairy,10,False
2024-01-22,Monday,45,Organic Leave,Produce,12,False
2024-01-22,Monday,46,Organic Strong,Bakery,16,False
2024-01-22,Monday,47,Fresh Strong,Produce,13,False
2024-01-22,Monday,48,Fresh Newspaper,Produce,10,False
2024-01-22,Monday,49,Fresh Carry,Dairy,6,False
2024-01-22,Monday,50,Premium Catch,Meat,12,False
2024-01-23,Tuesday,1,Fresh Third,Dairy,7,False
2024-01-23,Tuesday,2,Organic Skin,Meat,18,False
2024-01-23,Tuesday,3,Organic Your,Frozen,8,False
2024-01-23,Tuesday,4,Fresh Particularly,Frozen,34,False
2024-01-23,Tuesday,5,Classic South,Dairy,16,False
2024-01-23,Tuesday,6,Premium Project,Dairy,26,False
2024-01-23,Tuesday,7,Fresh Wait,Frozen,33,False
2024-01-23,Tuesday,8,Fresh Drug,Produce,29,False
2024-01-23,Tuesday,9,Organic With,Frozen,18,False
2024-01-23,Tuesday,10,Classic Ago,Beverages,25,False
2024-01-23,Tuesday,11,Organic Lot,Dairy,16,False
2024-01-23,Tuesday,12,Classic Republican,Bakery,32,False
2024-01-23,Tuesday,13,Organic Least,Dairy,12,False
2024-01-23,Tuesday,14,Organic Money,Bakery,14,False
2024-01-23,Tuesday,15,Classic Hundred,Bakery,23,False
2024-01-23,Tuesday,16,Fresh Rich,Produce,41,False
2024-01-23,Tuesday,17,Premium Baby,Frozen,37,False
2024-01-23,Tuesday,18,Classic Happy,Meat,35,False
2024-01-23,Tuesday,19,Premium Two,Meat,18,False
2024-01-23,Tuesday,20,Organic Without,Frozen,28,False
2024-01-23,Tuesday,21,Fresh Against,Meat,12,False
2024-01-23,Tuesday,22,Premium Simple,Beverages,21,False
2024-01-23,Tuesday,23,Premium Area,Meat,33,False
2024-01-23,Tuesday,24,Fresh Air,Beverages,43,False
2024-01-23,Tuesday,25,Classic We,Meat,33,False
2024-01-23,Tuesday,26,Classic Outside,Frozen,18,False
2024-01-23,Tuesday,27,Classic Support,Beverages,6,False
2024-01-23,Tuesday,28,Premium Represent,Produce,40,False
2024-01-23,Tuesday,29,Fresh Get,Meat,15,False
2024-01-23,Tuesday,30,Premium Finish,Meat,45,False
2024-01-23,Tuesday,31,Premium Machine,Dairy,14,False
2024-01-23,Tuesday,32,Fresh Rest,Beverages,16,False
2024-01-23,Tuesday,33,Fresh Economic,Frozen,31,False
2024-01-23,Tuesday,34,Organic Summer,Frozen,28,False
2024-01-23,Tuesday,35,Organic Thus,Meat,28,False
2024-01-23,Tuesday,36,Premium Wrong,Bakery,18,False
2024-01-23,Tuesday,37,Premium Cause,Dairy,27,False
2024-01-23,Tuesday,38,Classic Easy,Beverages,34,False
2024-01-23,Tuesday,39,Fresh Local,Frozen,15,False
2024-01-23,Tuesday,40,Fresh Customer,Dairy,23,False
2024-01-23,Tuesday,41,Classic Century,Dairy,35,False
2024-01-23,Tuesday,42,Fresh Situation,Frozen,5,False
2024-01-23,Tuesday,43,Fresh Quickly,Beverages,23,False
2024-01-23,Tuesday,44,Premium Cause,Dairy,13,False
2024-01-23,Tuesday,45,Organic Leave,Produce,8,False
2024-01-23,Tuesday,46,Organic Strong,Bakery,17,False
2024-01-23,Tuesday,47,Fresh Strong,Produce,23,False
2024-01-23,Tuesday,48,Fresh Newspaper,Produce,12,False
2024-01-23,Tuesday,49,Fresh Carry,Dairy,6,False
2024-01-23,Tuesday,50,Premium Catch,Meat,13,False
2024-01-24,Wednesday,1,Fresh Third,Dairy,7,False
2024-01-24,Wednesday,2,Organic Skin,Meat,17,False
2024-01-24,Wednesday,3,Organic Your,Frozen,8,False
2024-01-24,Wednesday,4,Fresh Particularly,Frozen,27,False
2024-01-24,Wednesday,5,Classic South,Dairy,18,False
2024-01-24,Wednesday,6,Premium Project,Dairy,26,False
2024-01-24,Wednesday,7,Fresh Wait,Frozen,32,False
2024-01-24,Wednesday,8,Fresh Drug,Produce,28,False
2024-01-24,Wednesday,9,Organic With,Frozen,16,False
2024-01-24,Wednesday,10,Classic Ago,Beverages,24,False
2024-01-24,Wednesday,11,Organic Lot,Dairy,20,False
2024-01-24,Wednesday,12,Classic Republican,Bakery,22,False
2024-01-24,Wednesday,13,Organic Least,Dairy,11,False
2024-01-24,Wednesday,14,Organic Money,Bakery,26,False
2024-01-24,Wednesday,15,Classic Hundred,Bakery,18,False
2024-01-24,Wednesday,16,Fresh Rich,Produce,41,False
2024-01-24,Wednesday,17,Premium Baby,Frozen,37,False
2024-01-24,Wednesday,18,Classic Happy,Meat,34,False
2024-01-24,Wednesday,19,Premium Two,Meat,20,False
2024-01-24,Wednesday,20,Organic Without,Frozen,20,False
2024-01-24,Wednesday,21,Fresh Against,Meat,7,False
2024-01-24,Wednesday,22,Premium Simple,Beverages,28,False
2024-01-24,Wednesday,23,Premium Area,Meat,34,False
2024-01-24,Wednesday,24,Fresh Air,Beverages,29,False
2024-01-24,Wednesday,25,Classic We,Meat,46,False
2024-01-24,Wednesday,26,Classic Outside,Frozen,26,False
2024-01-24,Wednesday,27,Classic Support,Beverages,6,False
2024-01-24,Wednesday,28,Premium Represent,Produce,25,False
2024-01-24,Wednesday,29,Fresh Get,Meat,9,False
2024-01-24,Wednesday,30,Premium Finish,Meat,31,False
2024-01-24,Wednesday,31,Premium Machine,Dairy,13,False
2024-01-24,Wednesday,32,Fresh Rest,Beverages,14,False
2024-01-24,Wednesday,33,Fresh Economic,Frozen,26,False
2024-01-24,Wednesday,34,Organic Summer,Frozen,22,False
2024-01-24,Wednesday,35,Organic Thus,Meat,26,False
2024-01-24,Wednesday,36,Premium Wrong,Bakery,19,False
2024-01-24,Wednesday,37,Premium Cause,Dairy,24,False
2024-01-24,Wednesday,38,Classic Easy,Beverages,31,False
2024-01-24,Wednesday,39,Fresh Local,Frozen,16,False
2024-01-24,Wednesday,40,Fresh Customer,Dairy,19,False
2024-01-24,Wednesday,41,Classic Century,Dairy,39,False
2024-01-24,Wednesday,42,Fresh Situation,Frozen,5,False
2024-01-24,Wednesday,43,Fresh Quickly,Beverages,34,False
2024-01-24,Wednesday,44,Premium Cause,Dairy,8,False
2024-01-24,Wednesday,45,Organic Leave,Produce,13,False
2024-01-24,Wednesday,46,Organic Strong,Bakery,24,False
2024-01-24,Wednesday,47,Fresh Strong,Produce,13,False
2024-01-24,Wednesday,48,Fresh Newspaper,Produce,7,False
2024-01-24,Wednesday,49,Fresh Carry,Dairy,5,False
2024-01-24,Wednesday,50,Premium Catch,Meat,11,False
2024-01-25,Thursday,1,Fresh Third,Dairy,8,False
2024-01-25,Thursday,2,Organic Skin,Meat,21,False
2024-01-25,Thursday,3,Organic Your,Frozen,10,False
2024-01-25,Thursday,4,Fresh Particularly,Frozen,36,False
2024-01-25,Thursday,5,Classic South,Dairy,28,False
2024-01-25,Thursday,6,Premium Project,Dairy,28,False
2024-01-25,Thursday,7,Fresh Wait,Frozen,33,False
2024-01-25,Thursday,8,Fresh Drug,Produce,29,False
2024-01-25,Thursday,9,Organic With,Frozen,23,False
2024-01-25,Thursday,10,Classic Ago,Beverages,24,False
2024-01-25,Thursday,11,Organic Lot,Dairy,13,False
2024-01-25,Thursday,12,Classic Republican,Bakery,25,False
2024-01-25,Thursday,13,Organic Least,Dairy,16,False
2024-01-25,Thursday,14,Organic Money,Bakery,20,False
2024-01-25,Thursday,15,Classic Hundred,Bakery,28,False
2024-01-25,Thursday,16,Fresh Rich,Produce,33,False
2024-01-25,Thursday,17,Premium Baby,Frozen,23,False
2024-01-25,Thursday,18,Classic Happy,Meat,42,False
2024-01-25,Thursday,19,Premium Two,Meat,15,False
2024-01-25,Thursday,20,Organic Without,Frozen,29,False
2024-01-25,Thursday,21,Fresh Against,Meat,11,False
2024-01-25,Thursday,22,Premium Simple,Beverages,22,False
2024-01-25,Thursday,23,Premium Area,Meat,28,False
2024-01-25,Thursday,24,Fresh Air,Beverages,48,False
2024-01-25,Thursday,25,Classic We,Meat,43,False
2024-01-25,Thursday,26,Classic Outside,Frozen,20,False
2024-01-25,Thursday,27,Classic Support,Beverages,6,False
2024-01-25,Thursday,28,Premium Represent,Produce,23,False
2024-01-25,Thursday,29,Fresh Get,Meat,10,False
2024-01-25,Thursday,30,Premium Finish,Meat,35,False
2024-01-25,Thursday,31,Premium Machine,Dairy,10,False
2024-01-25,Thursday,32,Fresh Rest,Beverages,17,False
2024-01-25,Thursday,33,Fresh Economic,Frozen,33,False
2024-01-25,Thursday,34,Organic Summer,Frozen,29,False
2024-01-25,Thursday,35,Organic Thus,Meat,47,False
2024-01-25,Thursday,36,Premium Wrong,Bakery,15,False
2024-01-25,Thursday,37,Premium Cause,Dairy,20,False
2024-01-25,Thursday,38,Classic Easy,Beverages,29,False
2024-01-25,Thursday,39,Fresh Local,Frozen,18,False
2024-01-25,Thursday,40,Fresh Customer,Dairy,25,False
2024-01-25,Thursday,41,Classic Century,Dairy,36,False
2024-01-25,Thursday,42,Fresh Situation,Frozen,4,False
2024-01-25,Thursday,43,Fresh Quickly,Beverages,36,False
2024-01-25,Thursday,44,Premium Cause,Dairy,9,False
2024-01-25,Thursday,45,Organic Leave,Produce,9,False
2024-01-25,Thursday,46,Organic Strong,Bakery,24,False
2024-01-25,Thursday,47,Fresh Strong,Produce,13,False
2024-01-25,Thursday,48,Fresh Newspaper,Produce,12,False
2024-01-25,Thursday,49,Fresh Carry,Dairy,6,False
2024-01-25,Thursday,50,Premium Catch,Meat,12,False
2024-01-26,Friday,1,Fresh Third,Dairy,12,False
2024-01-26,Friday,2,Organic Skin,Meat,16,False
2024-01-26,Friday,3,Organic Your,Frozen,11,False
2024-01-26,Friday,4,Fresh Particularly,Frozen,25,False
2024-01-26,Friday,5,Classic South,Dairy,21,False
2024-01-26,Friday,6,Premium Project,Dairy,29,False
2024-01-26,Friday,7,Fresh Wait,Frozen,31,False
2024-01-26,Friday,8,Fresh Drug,Produce,21,False
2024-01-26,Friday,9,Organic With,Frozen,20,False
2024-01-26,Friday,10,Classic Ago,Beverages,27,False
2024-01-26,Friday,11,Organic Lot,Dairy,15,False
2024-01-26,Friday,12,Classic Republican,Bakery,26,False
2024-01-26,Friday,13,Organic Least,Dairy,9,False
2024-01-26,Friday,14,Organic Money,Bakery,15,False
2024-01-26,Friday,15,Classic Hundred,Bakery,17,False
2024-01-26,Friday,16,Fresh Rich,Produce,30,False
2024-01-26,Friday,17,Premium Baby,Frozen,38,False
2024-01-26,Friday,18,Classic Happy,Meat,50,False
2024-01-26,Friday,19,Premium Two,Meat,22,False
2024-01-26,Friday,20,Organic Without,Frozen,23,False
2024-01-26,Friday,21,Fresh Against,Meat,12,False
2024-01-26,Friday,22,Premium Simple,Beverages,25,False
2024-01-26,Friday,23,Premium Area,Meat,23,False
2024-01-26,Friday,24,Fresh Air,Beverages,46,False
2024-01-26,Friday,25,Classic We,Meat,45,False
2024-01-26,Friday,26,Classic Outside,Frozen,15,False
2024-01-26,Friday,27,Classic Support,Beverages,6,False
2024-01-26,Friday,28,Premium Represent,Produce,27,False
2024-01-26,Friday,29,Fresh Get,Meat,13,False
2024-01-26,Friday,30,Premium Finish,Meat,29,False
2024-01-26,Friday,31,Premium Machine,Dairy,11,False
2024-01-26,Friday,32,Fresh Rest,Beverages,14,False
2024-01-26,Friday,33,Fresh Economic,Frozen,41,False
2024-01-26,Friday,34,Organic Summer,Frozen,23,False
2024-01-26,Friday,35,Organic Thus,Meat,46,False
2024-01-26,Friday,36,Premium Wrong,Bakery,15,False
2024-01-26,Friday,37,Premium Cause,Dairy,33,False
2024-01-26,Friday,38,Classic Easy,Beverages,30,False
2024-01-26,Friday,39,Fresh Local,Frozen,13,False
2024-01-26,Friday,40,Fresh Customer,Dairy,24,False
2024-01-26,Friday,41,Classic Century,Dairy,34,False
2024-01-26,Friday,42,Fresh Situation,Frozen,6,False
2024-01-26,Friday,43,Fresh Quickly,Beverages,29,False
2024-01-26,Friday,44,Premium Cause,Dairy,9,False
2024-01-26,Friday,45,Organic Leave,Produce,13,False
2024-01-26,Friday,46,Organic Strong,Bakery,23,False
2024-01-26,Friday,47,Fresh Strong,Produce,22,False
2024-01-26,Friday,48,Fresh Newspaper,Produce,14,False
2024-01-26,Friday,49,Fresh Carry,Dairy,7,False
2024-01-26,Friday,50,Premium Catch,Meat,10,False
2024-01-27,Saturday,1,Fresh Third,Dairy,23,True
2024-01-27,Saturday,2,Organic Skin,Meat,33,True
2024-01-27,Saturday,3,Organic Your,Frozen,24,True
2024-01-27,Saturday,4,Fresh Particularly,Frozen,40,True
2024-01-27,Saturday,5,Classic South,Dairy,21,True
2024-01-27,Saturday,6,Premium Project,Dairy,54,True
2024-01-27,Saturday,7,Fresh Wait,Frozen,55,True
2024-01-27,Saturday,8,Fresh Drug,Produce,45,True
2024-01-27,Saturday,9,Organic With,Frozen,48,True
2024-01-27,Saturday,10,Classic Ago,Beverages,28,True
2024-01-27,Saturday,11,Organic Lot,Dairy,34,True
2024-01-27,Saturday,12,Classic Republican,Bakery,66,True
2024-01-27,Saturday,13,Organic Least,Dairy,12,True
2024-01-27,Saturday,14,Organic Money,Bakery,33,True
2024-01-27,Saturday,15,Classic Hundred,Bakery,44,True
2024-01-27,Saturday,16,Fresh Rich,Produce,101,True
2024-01-27,Saturday,17,Premium Baby,Frozen,89,True
2024-01-27,Saturday,18,Classic Happy,Meat,52,True
2024-01-27,Saturday,19,Premium Two,Meat,27,True
2024-01-27,Saturday,20,Organic Without,Frozen,42,True
2024-01-27,Saturday,21,Fresh Against,Meat,27,True
2024-01-27,Saturday,22,Premium Simple,Beverages,31,True
2024-01-27,Saturday,23,Premium Area,Meat,55,True
2024-01-27,Saturday,24,Fresh Air,Beverages,65,True
2024-01-27,Saturday,25,Classic We,Meat,50,True
2024-01-27,Saturday,26,Classic Outside,Frozen,39,True
2024-01-27,Saturday,27,Classic Support,Beverages,7,True
2024-01-27,Saturday,28,Premium Represent,Produce,66,True
2024-01-27,Saturday,29,Fresh Get,Meat,31,True
2024-01-27,Saturday,30,Premium Finish,Meat,67,True
2024-01-27,Saturday,31,Premium Machine,Dairy,21,True
2024-01-27,Saturday,32,Fresh Rest,Beverages,16,True
2024-01-27,Saturday,33,Fresh Economic,Frozen,69,True
2024-01-27,Saturday,34,Organic Summer,Frozen,24,True
2024-01-27,Saturday,35,Organic Thus,Meat,85,True
2024-01-27,Saturday,36,Premium Wrong,Bakery,26,True
2024-01-27,Saturday,37,Premium Cause,Dairy,51,True
2024-01-27,Saturday,38,Classic Easy,Beverages,52,True
2024-01-27,Saturday,39,Fresh Local,Frozen,26,True
2024-01-27,Saturday,40,Fresh Customer,Dairy,53,True
2024-01-27,Saturday,41,Classic Century,Dairy,59,True
2024-01-27,Saturday,42,Fresh Situation,Frozen,19,True
2024-01-27,Saturday,43,Fresh Quickly,Beverages,79,True
2024-01-27,Saturday,44,Premium Cause,Dairy,14,True
2024-01-27,Saturday,45,Organic Leave,Produce,19,True
2024-01-27,Saturday,46,Organic Strong,Bakery,59,True
2024-01-27,Saturday,47,Fresh Strong,Produce,52,True
2024-01-27,Saturday,48,Fresh Newspaper,Produce,18,True
2024-01-27,Saturday,49,Fresh Carry,Dairy,7,True
2024-01-27,Saturday,50,Premium Catch,Meat,19,True
2024-01-28,Sunday,1,Fresh Third,Dairy,24,True
2024-01-28,Sunday,2,Organic Skin,Meat,27,True
2024-01-28,Sunday,3,Organic Your,Frozen,24,True
2024-01-28,Sunday,4,Fresh Particularly,Frozen,46,True
2024-01-28,Sunday,5,Classic South,Dairy,33,True
2024-01-28,Sunday,6,Premium Project,Dairy,39,True
2024-01-28,Sunday,7,Fresh Wait,Frozen,48,True
2024-01-28,Sunday,8,Fresh Drug,Produce,71,True
2024-01-28,Sunday,9,Organic With,Frozen,68,True
2024-01-28,Sunday,10,Classic Ago,Beverages,31,True
2024-01-28,Sunday,11,Organic Lot,Dairy,27,True
2024-01-28,Sunday,12,Classic Republican,Bakery,58,True
2024-01-28,Sunday,13,Organic Least,Dairy,11,True
2024-01-28,Sunday,14,Organic Money,Bakery,54,True
2024-01-28,Sunday,15,Classic Hundred,Bakery,67,True
2024-01-28,Sunday,16,Fresh Rich,Produce,95,True
2024-01-28,Sunday,17,Premium Baby,Frozen,71,True
2024-01-28,Sunday,18,Classic Happy,Meat,67,True
2024-01-28,Sunday,19,Premium Two,Meat,26,True
2024-01-28,Sunday,20,Organic Without,Frozen,40,True
2024-01-28,Sunday,21,Fresh Against,Meat,23,True
2024-01-28,Sunday,22,Premium Simple,Beverages,25,True
2024-01-28,Sunday,23,Premium Area,Meat,55,True
2024-01-28,Sunday,24,Fresh Air,Beverages,63,True
2024-01-28,Sunday,25,Classic We,Meat,43,True
2024-01-28,Sunday,26,Classic Outside,Frozen,34,True
2024-01-28,Sunday,27,Classic Support,Beverages,6,True
2024-01-28,Sunday,28,Premium Represent,Produce,91,True
2024-01-28,Sunday,29,Fresh Get,Meat,23,True
2024-01-28,Sunday,30,Premium Finish,Meat,63,True
2024-01-28,Sunday,31,Premium Machine,Dairy,19,True
2024-01-28,Sunday,32,Fresh Rest,Beverages,19,True
2024-01-28,Sunday,33,Fresh Economic,Frozen,72,True
2024-01-28,Sunday,34,Organic Summer,Frozen,26,True
2024-01-28,Sunday,35,Organic Thus,Meat,55,True
2024-01-28,Sunday,36,Premium Wrong,Bakery,34,True
2024-01-28,Sunday,37,Premium Cause,Dairy,54,True
2024-01-28,Sunday,38,Classic Easy,Beverages,75,True
2024-01-28,Sunday,39,Fresh Local,Frozen,26,True
2024-01-28,Sunday,40,Fresh Customer,Dairy,40,True
2024-01-28,Sunday,41,Classic Century,Dairy,53,True
2024-01-28,Sunday,42,Fresh Situation,Frozen,14,True
2024-01-28,Sunday,43,Fresh Quickly,Beverages,66,True
2024-01-28,Sunday,44,Premium Cause,Dairy,12,True
2024-01-28,Sunday,45,Organic Leave,Produce,22,True
2024-01-28,Sunday,46,Organic Strong,Bakery,46,True
2024-01-28,Sunday,47,Fresh Strong,Produce,41,True
2024-01-28,Sunday,48,Fresh Newspaper,Produce,11,True
2024-01-28,Sunday,49,Fresh Carry,Dairy,12,True
2024-01-28,Sunday,50,Premium Catch,Meat,19,True
2024-01-29,Monday,1,Fresh Third,Dairy,11,False
2024-01-29,Monday,2,Organic Skin,Meat,12,False
2024-01-29,Monday,3,Organic Your,Frozen,8,False
2024-01-29,Monday,4,Fresh Particularly,Frozen,32,False
2024-01-29,Monday,5,Classic South,Dairy,26,False
2024-01-29,Monday,6,Premium Project,Dairy,22,False
2024-01-29,Monday,7,Fresh Wait,Frozen,24,False
2024-01-29,Monday,8,Fresh Drug,Produce,24,False
2024-01-29,Monday,9,Organic With,Frozen,23,False
2024-01-29,Monday,10,Classic Ago,Beverages,25,False
2024-01-29,Monday,11,Organic Lot,Dairy,17,False
2024-01-29,Monday,12,Classic Republican,Bakery,29,False
2024-01-29,Monday,13,Organic Least,Dairy,11,False
2024-01-29,Monday,14,Organic Money,Bakery,18,False
2024-01-29,Monday,15,Classic Hundred,Bakery,21,False
2024-01-29,Monday,16,Fresh Rich,Produce,42,False
2024-01-29,Monday,17,Premium Baby,Frozen,26,False
2024-01-29,Monday,18,Classic Happy,Meat,40,False
2024-01-29,Monday,19,Premium Two,Meat,23,False
2024-01-29,Monday,20,Organic Without,Frozen,30,False
2024-01-29,Monday,21,Fresh Against,Meat,12,False
2024-01-29,Monday,22,Premium Simple,Beverages,22,False
2024-01-29,Monday,23,Premium Area,Meat,35,False
2024-01-29,Monday,24,Fresh Air,Beverages,47,False
2024-01-29,Monday,25,Classic We,Meat,38,False
2024-01-29,Monday,26,Classic Outside,Frozen,21,False
2024-01-29,Monday,27,Classic Support,Beverages,7,False
2024-01-29,Monday,28,Premium Represent,Produce,37,False
2024-01-29,Monday,29,Fresh Get,Meat,9,False
2024-01-29,Monday,30,Premium Finish,Meat,32,False
2024-01-29,Monday,31,Premium Machine,Dairy,13,False
2024-01-29,Monday,32,Fresh Rest,Beverages,17,False
2024-01-29,Monday,33,Fresh Economic,Frozen,37,False
2024-01-29,Monday,34,Organic Summer,Frozen,26,False
2024-01-29,Monday,35,Organic Thus,Meat,43,False
2024-01-29,Monday,36,Premium Wrong,Bakery,23,False
2024-01-29,Monday,37,Premium Cause,Dairy,32,False
2024-01-29,Monday,38,Classic Easy,Beverages,42,False
2024-01-29,Monday,39,Fresh Local,Frozen,12,False
2024-01-29,Monday,40,Fresh Customer,Dairy,19,False
2024-01-29,Monday,41,Classic Century,Dairy,34,False
2024-01-29,Monday,42,Fresh Situation,Frozen,5,False
2024-01-29,Monday,43,Fresh Quickly,Beverages,29,False
2024-01-29,Monday,44,Premium Cause,Dairy,9,False
2024-01-29,Monday,45,Organic Leave,Produce,9,False
2024-01-29,Monday,46,Organic Strong,Bakery,18,False
2024-01-29,Monday,47,Fresh Strong,Produce,16,False
2024-01-29,Monday,48,Fresh Newspaper,Produce,9,False
2024-01-29,Monday,49,Fresh Carry,Dairy,4,False
2024-01-29,Monday,50,Premium Catch,Meat,10,False
2024-01-30,Tuesday,1,Fresh Third,Dairy,12,False
2024-01-30,Tuesday,2,Organic Skin,Meat,15,False
2024-01-30,Tuesday,3,Organic Your,Frozen,11,False
2024-01-30,Tuesday,4,Fresh Particularly,Frozen,35,False
2024-01-30,Tuesday,5,Classic South,Dairy,25,False
2024-01-30,Tuesday,6,Premium Project,Dairy,36,False
2024-01-30,Tuesday,7,Fresh Wait,Frozen,28,False
2024-01-30,Tuesday,8,Fresh Drug,Produce,19,False
2024-01-30,Tuesday,9,Organic With,Frozen,23,False
2024-01-30,Tuesday,10,Classic Ago,Beverages,21,False
2024-01-30,Tuesday,11,Organic Lot,Dairy,15,False
2024-01-30,Tuesday,12,Classic Republican,Bakery,28,False
2024-01-30,Tuesday,13,Organic Least,Dairy,11,False
2024-01-30,Tuesday,14,Organic Money,Bakery,19,False
2024-01-30,Tuesday,15,Classic Hundred,Bakery,24,False
2024-01-30,Tuesday,16,Fresh Rich,Produce,42,False
2024-01-30,Tuesday,17,Premium Baby,Frozen,36,False
2024-01-30,Tuesday,18,Classic Happy,Meat,37,False
2024-01-30,Tuesday,19,Premium Two,Meat,13,False
2024-01-30,Tuesday,20,Organic Without,Frozen,25,False
2024-01-30,Tuesday,21,Fresh Against,Meat,7,False
2024-01-30,Tuesday,22,Premium Simple,Beverages,21,False
2024-01-30,Tuesday,23,Premium Area,Meat,35,False
2024-01-30,Tuesday,24,Fresh Air,Beverages,32,False
2024-01-30,Tuesday,25,Classic We,Meat,28,False
2024-01-30,Tuesday,26,Classic Outside,Frozen,22,False
2024-01-30,Tuesday,27,Classic Support,Beverages,7,False
2024-01-30,Tuesday,28,Premium Represent,Produce,24,False
2024-01-30,Tuesday,29,Fresh Get,Meat,8,False
2024-01-30,Tuesday,30,Premium Finish,Meat,43,False
2024-01-30,Tuesday,31,Premium Machine,Dairy,13,False
2024-01-30,Tuesday,32,Fresh Rest,Beverages,19,False
2024-01-30,Tuesday,33,Fresh Economic,Frozen,29,False
2024-01-30,Tuesday,34,Organic Summer,Frozen,27,False
2024-01-30,Tuesday,35,Organic Thus,Meat,38,False
2024-01-30,Tuesday,36,Premium Wrong,Bakery,20,False
2024-01-30,Tuesday,37,Premium Cause,Dairy,22,False
2024-01-30,Tuesday,38,Classic Easy,Beverages,39,False
2024-01-30,Tuesday,39,Fresh Local,Frozen,19,False
2024-01-30,Tuesday,40,Fresh Customer,Dairy,23,False
2024-01-30,Tuesday,41,Classic Century,Dairy,21,False
2024-01-30,Tuesday,42,Fresh Situation,Frozen,4,False
2024-01-30,Tuesday,43,Fresh Quickly,Beverages,29,False
2024-01-30,Tuesday,44,Premium Cause,Dairy,8,False
2024-01-30,Tuesday,45,Organic Leave,Produce,10,False
2024-01-30,Tuesday,46,Organic Strong,Bakery,21,False
2024-01-30,Tuesday,47,Fresh Strong,Produce,20,False
2024-01-30,Tuesday,48,Fresh Newspaper,Produce,13,False
2024-01-30,Tuesday,49,Fresh Carry,Dairy,7,False
2024-01-30,Tuesday,50,Premium Catch,Meat,12,False
2024-01-31,Wednesday,1,Fresh Third,Dairy,9,False
2024-01-31,Wednesday,2,Organic Skin,Meat,16,False
2024-01-31,Wednesday,3,Organic Your,Frozen,6,False
2024-01-31,Wednesday,4,Fresh Particularly,Frozen,35,False
2024-01-31,Wednesday,5,Classic South,Dairy,25,False
2024-01-31,Wednesday,6,Premium Project,Dairy,29,False
2024-01-31,Wednesday,7,Fresh Wait,Frozen,25,False
2024-01-31,Wednesday,8,Fresh Drug,Produce,22,False
2024-01-31,Wednesday,9,Organic With,Frozen,17,False
2024-01-31,Wednesday,10,Classic Ago,Beverages,25,False
2024-01-31,Wednesday,11,Organic Lot,Dairy,19,False
2024-01-31,Wednesday,12,Classic Republican,Bakery,37,False
2024-01-31,Wednesday,13,Organic Least,Dairy,14,False
2024-01-31,Wednesday,14,Organic Money,Bakery,22,False
2024-01-31,Wednesday,15,Classic Hundred,Bakery,18,False
2024-01-31,Wednesday,16,Fresh Rich,Produce,26,False
2024-01-31,Wednesday,17,Premium Baby,Frozen,34,False
2024-01-31,Wednesday,18,Classic Happy,Meat,34,False
2024-01-31,Wednesday,19,Premium Two,Meat,16,False
2024-01-31,Wednesday,20,Organic Without,Frozen,20,False
2024-01-31,Wednesday,21,Fresh Against,Meat,10,False
2024-01-31,Wednesday,22,Premium Simple,Beverages,22,False
2024-01-31,Wednesday,23,Premium Area,Meat,37,False
2024-01-31,Wednesday,24,Fresh Air,Beverages,49,False
2024-01-31,Wednesday,25,Classic We,Meat,28,False
2024-01-31,Wednesday,26,Classic Outside,Frozen,21,False
2024-01-31,Wednesday,27,Classic Support,Beverages,6,False
2024-01-31,Wednesday,28,Premium Represent,Produce,24,False
2024-01-31,Wednesday,29,Fresh Get,Meat,10,False
2024-01-31,Wednesday,30,Premium Finish,Meat,39,False
2024-01-31,Wednesday,31,Premium Machine,Dairy,14,False
2024-01-31,Wednesday,32,Fresh Rest,Beverages,16,False
2024-01-31,Wednesday,33,Fresh Economic,Frozen,41,False
2024-01-31,Wednesday,34,Organic Summer,Frozen,27,False
2024-01-31,Wednesday,35,Organic Thus,Meat,25,False
2024-01-31,Wednesday,36,Premium Wrong,Bakery,23,False
2024-01-31,Wednesday,37,Premium Cause,Dairy,25,False
2024-01-31,Wednesday,38,Classic Easy,Beverages,40,False
2024-01-31,Wednesday,39,Fresh Local,Frozen,15,False
2024-01-31,Wednesday,40,Fresh Customer,Dairy,22,False
2024-01-31,Wednesday,41,Classic Century,Dairy,33,False
2024-01-31,Wednesday,42,Fresh Situation,Frozen,4,False
2024-01-31,Wednesday,43,Fresh Quickly,Beverages,42,False
2024-01-31,Wednesday,44,Premium Cause,Dairy,14,False
2024-01-31,Wednesday,45,Organic Leave,Produce,13,False
2024-01-31,Wednesday,46,Organic Strong,Bakery,26,False
2024-01-31,Wednesday,47,Fresh Strong,Produce,19,False
2024-01-31,Wednesday,48,Fresh Newspaper,Produce,11,False
2024-01-31,Wednesday,49,Fresh Carry,Dairy,7,False
2024-01-31,Wednesday,50,Premium Catch,Meat,10,False
2024-02-01,Thursday,1,Fresh Third,Dairy,11,False
2024-02-01,Thursday,2,Organic Skin,Meat,22,False
2024-02-01,Thursday,3,Organic Your,Frozen,6,False
2024-02-01,Thursday,4,Fresh Particularly,Frozen,30,False
2024-02-01,Thursday,5,Classic South,Dairy,22,False
2024-02-01,Thursday,6,Premium Project,Dairy,35,False
2024-02-01,Thursday,7,Fresh Wait,Frozen,23,False
2024-02-01,Thursday,8,Fresh Drug,Produce,31,False
2024-02-01,Thursday,9,Organic With,Frozen,18,False
2024-02-01,Thursday,10,Classic Ago,Beverages,19,False
2024-02-01,Thursday,11,Organic Lot,Dairy,14,False
2024-02-01,Thursday,12,Classic Republican,Bakery,34,False
2024-02-01,Thursday,13,Organic Least,Dairy,11,False
2024-02-01,Thursday,14,Organic Money,Bakery,24,False
2024-02-01,Thursday,15,Classic Hundred,Bakery,26,False
2024-02-01,Thursday,16,Fresh Rich,Produce,38,False
2024-02-01,Thursday,17,Premium Baby,Frozen,31,False
2024-02-01,Thursday,18,Classic Happy,Meat,44,False
2024-02-01,Thursday,19,Premium Two,Meat,14,False
2024-02-01,Thursday,20,Organic Without,Frozen,24,False
2024-02-01,Thursday,21,Fresh Against,Meat,10,False
2024-02-01,Thursday,22,Premium Simple,Beverages,19,False
2024-02-01,Thursday,23,Premium Area,Meat,33,False
2024-02-01,Thursday,24,Fresh Air,Beverages,48,False
2024-02-01,Thursday,25,Classic We,Meat,40,False
2024-02-01,Thursday,26,Classic Outside,Frozen,18,False
2024-02-01,Thursday,27,Classic Support,Beverages,5,False
2024-02-01,Thursday,28,Premium Represent,Produce,38,False
2024-02-01,Thursday,29,Fresh Get,Meat,9,False
2024-02-01,Thursday,30,Premium Finish,Meat,39,False
2024-02-01,Thursday,31,Premium Machine,Dairy,13,False
2024-02-01,Thursday,32,Fresh Rest,Beverages,18,False
2024-02-01,Thursday,33,Fresh Economic,Frozen,28,False
2024-02-01,Thursday,34,Organic Summer,Frozen,29,False
2024-02-01,Thursday,35,Organic Thus,Meat,47,False
2024-02-01,Thursday,36,Premium Wrong,Bakery,18,False
2024-02-01,Thursday,37,Premium Cause,Dairy,33,False
2024-02-01,Thursday,38,Classic Easy,Beverages,38,False
2024-02-01,Thursday,39,Fresh Local,Frozen,15,False
2024-02-01,Thursday,40,Fresh Customer,Dairy,20,False
2024-02-01,Thursday,41,Classic Century,Dairy,34,False
2024-02-01,Thursday,42,Fresh Situation,Frozen,5,False
2024-02-01,Thursday,43,Fresh Quickly,Beverages,32,False
2024-02-01,Thursday,44,Premium Cause,Dairy,11,False
2024-02-01,Thursday,45,Organic Leave,Produce,9,False
2024-02-01,Thursday,46,Organic Strong,Bakery,28,False
2024-02-01,Thursday,47,Fresh Strong,Produce,16,False
2024-02-01,Thursday,48,Fresh Newspaper,Produce,8,False
2024-02-01,Thursday,49,Fresh Carry,Dairy,5,False
2024-02-01,Thursday,50,Premium Catch,Meat,9,False
2024-02-02,Friday,1,Fresh Third,Dairy,9,False
2024-02-02,Friday,2,Organic Skin,Meat,13,False
2024-02-02,Friday,3,Organic Your,Frozen,10,False
2024-02-02,Friday,4,Fresh Particularly,Frozen,28,False
2024-02-02,Friday,5,Classic South,Dairy,18,False
2024-02-02,Friday,6,Premium Project,Dairy,26,False
2024-02-02,Friday,7,Fresh Wait,Frozen,26,False
2024-02-02,Friday,8,Fresh Drug,Produce,26,False
2024-02-02,Friday,9,Organic With,Frozen,25,False
2024-02-02,Friday,10,Classic Ago,Beverages,29,False
2024-02-02,Friday,11,Organic Lot,Dairy,19,False
2024-02-02,Friday,12,Classic Republican,Bakery,24,False
2024-02-02,Friday,13,Organic Least,Dairy,9,False
2024-02-02,Friday,14,Organic Money,Bakery,19,False
2024-02-02,Friday,15,Classic Hundred,Bakery,22,False
2024-02-02,Friday,16,Fresh Rich,Produce,36,False
2024-02-02,Friday,17,Premium Baby,Frozen,24,False
2024-02-02,Friday,18,Classic Happy,Meat,29,False
2024-02-02,Friday,19,Premium Two,Meat,20,False
2024-02-02,Friday,20,Organic Without,Frozen,24,False
2024-02-02,Friday,21,Fresh Against,Meat,9,False
2024-02-02,Friday,22,Premium Simple,Beverages,19,False
2024-02-02,Friday,23,Premium Area,Meat,37,False
2024-02-02,Friday,24,Fresh Air,Beverages,36,False
2024-02-02,Friday,25,Classic We,Meat,33,False
2024-02-02,Friday,26,Classic Outside,Frozen,26,False
2024-02-02,Friday,27,Classic Support,Beverages,4,False
2024-02-02,Friday,28,Premium Represent,Produce,25,False
2024-02-02,Friday,29,Fresh Get,Meat,12,False
2024-02-02,Friday,30,Premium Finish,Meat,26,False
2024-02-02,Friday,31,Premium Machine,Dairy,11,False
2024-02-02,Friday,32,Fresh Rest,Beverages,10,False
2024-02-02,Friday,33,Fresh Economic,Frozen,39,False
2024-02-02,Friday,34,Organic Summer,Frozen,31,False
2024-02-02,Friday,35,Organic Thus,Meat,28,False
2024-02-02,Friday,36,Premium Wrong,Bakery,18,False
2024-02-02,Friday,37,Premium Cause,Dairy,19,False
2024-02-02,Friday,38,Classic Easy,Beverages,40,False
2024-02-02,Friday,39,Fresh Local,Frozen,19,False
2024-02-02,Friday,40,Fresh Customer,Dairy,28,False
2024-02-02,Friday,41,Classic Century,Dairy,24,False
2024-02-02,Friday,42,Fresh Situation,Frozen,4,False
2024-02-02,Friday,43,Fresh Quickly,Beverages,28,False
2024-02-02,Friday,44,Premium Cause,Dairy,8,False
2024-02-02,Friday,45,Organic Leave,Produce,12,False
2024-02-02,Friday,46,Organic Strong,Bakery,28,False
2024-02-02,Friday,47,Fresh Strong,Produce,12,False
2024-02-02,Friday,48,Fresh Newspaper,Produce,9,False
2024-02-02,Friday,49,Fresh Carry,Dairy,7,False
2024-02-02,Friday,50,Premium Catch,Meat,15,False
2024-02-03,Saturday,1,Fresh Third,Dairy,19,True
2024-02-03,Saturday,2,Organic Skin,Meat,27,True
2024-02-03,Saturday,3,Organic Your,Frozen,23,True
2024-02-03,Saturday,4,Fresh Particularly,Frozen,46,True
2024-02-03,Saturday,5,Classic South,Dairy,31,True
2024-02-03,Saturday,6,Premium Project,Dairy,53,True
2024-02-03,Saturday,7,Fresh Wait,Frozen,53,True
2024-02-03,Saturday,8,Fresh Drug,Produce,72,True
2024-02-03,Saturday,9,Organic With,Frozen,62,True
2024-02-03,Saturday,10,Classic Ago,Beverages,42,True
2024-02-03,Saturday,11,Organic Lot,Dairy,34,True
2024-02-03,Saturday,12,Classic Republican,Bakery,57,True
2024-02-03,Saturday,13,Organic Least,Dairy,20,True
2024-02-03,Saturday,14,Organic Money,Bakery,37,True
2024-02-03,Saturday,15,Classic Hundred,Bakery,49,True
2024-02-03,Saturday,16,Fresh Rich,Produce,73,True
2024-02-03,Saturday,17,Premium Baby,Frozen,83,True
2024-02-03,Saturday,18,Classic Happy,Meat,46,True
2024-02-03,Saturday,19,Premium Two,Meat,20,True
2024-02-03,Saturday,20,Organic Without,Frozen,57,True
2024-02-03,Saturday,21,Fresh Against,Meat,28,True
2024-02-03,Saturday,22,Premium Simple,Beverages,40,True
2024-02-03,Saturday,23,Premium Area,Meat,77,True
2024-02-03,Saturday,24,Fresh Air,Beverages,72,True
2024-02-03,Saturday,25,Classic We,Meat,72,True
2024-02-03,Saturday,26,Classic Outside,Frozen,39,True
2024-02-03,Saturday,27,Classic Support,Beverages,7,True
2024-02-03,Saturday,28,Premium Represent,Produce,63,True
2024-02-03,Saturday,29,Fresh Get,Meat,36,True
2024-02-03,Saturday,30,Premium Finish,Meat,52,True
2024-02-03,Saturday,31,Premium Machine,Dairy,26,True
2024-02-03,Saturday,32,Fresh Rest,Beverages,23,True
2024-02-03,Saturday,33,Fresh Economic,Frozen,76,True
2024-02-03,Saturday,34,Organic Summer,Frozen,38,True
2024-02-03,Saturday,35,Organic Thus,Meat,64,True
2024-02-03,Saturday,36,Premium Wrong,Bakery,31,True
2024-02-03,Saturday,37,Premium Cause,Dairy,56,True
2024-02-03,Saturday,38,Classic Easy,Beverages,70,True
2024-02-03,Saturday,39,Fresh Local,Frozen,31,True
2024-02-03,Saturday,40,Fresh Customer,Dairy,39,True
2024-02-03,Saturday,41,Classic Century,Dairy,57,True
2024-02-03,Saturday,42,Fresh Situation,Frozen,14,True
2024-02-03,Saturday,43,Fresh Quickly,Beverages,61,True
2024-02-03,Saturday,44,Premium Cause,Dairy,12,True
2024-02-03,Saturday,45,Organic Leave,Produce,17,True
2024-02-03,Saturday,46,Organic Strong,Bakery,60,True
2024-02-03,Saturday,47,Fresh Strong,Produce,38,True
2024-02-03,Saturday,48,Fresh Newspaper,Produce,15,True
2024-02-03,Saturday,49,Fresh Carry,Dairy,9,True
2024-02-03,Saturday,50,Premium Catch,Meat,16,True
2024-02-04,Sunday,1,Fresh Third,Dairy,20,True
2024-02-04,Sunday,2,Organic Skin,Meat,25,True
2024-02-04,Sunday,3,Organic Your,Frozen,26,True
2024-02-04,Sunday,4,Fresh Particularly,Frozen,46,True
2024-02-04,Sunday,5,Classic South,Dairy,39,True
2024-02-04,Sunday,6,Premium Project,Dairy,44,True
2024-02-04,Sunday,7,Fresh Wait,Frozen,38,True
2024-02-04,Sunday,8,Fresh Drug,Produce,70,True
2024-02-04,Sunday,9,Organic With,Frozen,71,True
2024-02-04,Sunday,10,Classic Ago,Beverages,32,True
2024-02-04,Sunday,11,Organic Lot,Dairy,21,True
2024-02-04,Sunday,12,Classic Republican,Bakery,59,True
2024-02-04,Sunday,13,Organic Least,Dairy,15,True
2024-02-04,Sunday,14,Organic Money,Bakery,51,True
2024-02-04,Sunday,15,Classic Hundred,Bakery,56,True
2024-02-04,Sunday,16,Fresh Rich,Produce,82,True
2024-02-04,Sunday,17,Premium Baby,Frozen,50,True
2024-02-04,Sunday,18,Classic Happy,Meat,56,True
2024-02-04,Sunday,19,Premium Two,Meat,19,True
2024-02-04,Sunday,20,Organic Without,Frozen,47,True
2024-02-04,Sunday,21,Fresh Against,Meat,24,True
2024-02-04,Sunday,22,Premium Simple,Beverages,31,True
2024-02-04,Sunday,23,Premium Area,Meat,84,True
2024-02-04,Sunday,24,Fresh Air,Beverages,95,True
2024-02-04,Sunday,25,Classic We,Meat,59,True
2024-02-04,Sunday,26,Classic Outside,Frozen,47,True
2024-02-04,Sunday,27,Classic Support,Beverages,6,True
2024-02-04,Sunday,28,Premium Represent,Produce,91,True
2024-02-04,Sunday,29,Fresh Get,Meat,21,True
2024-02-04,Sunday,30,Premium Finish,Meat,70,True
2024-02-04,Sunday,31,Premium Machine,Dairy,24,True
2024-02-04,Sunday,32,Fresh Rest,Beverages,17,True
2024-02-04,Sunday,33,Fresh Economic,Frozen,63,True
2024-02-04,Sunday,34,Organic Summer,Frozen,37,True
2024-02-04,Sunday,35,Organic Thus,Meat,68,True
2024-02-04,Sunday,36,Premium Wrong,Bakery,25,True
2024-02-04,Sunday,37,Premium Cause,Dairy,32,True
2024-02-04,Sunday,38,Classic Easy,Beverages,70,True
2024-02-04,Sunday,39,Fresh Local,Frozen,32,True
2024-02-04,Sunday,40,Fresh Customer,Dairy,58,True
2024-02-04,Sunday,41,Classic Century,Dairy,62,True
2024-02-04,Sunday,42,Fresh Situation,Frozen,11,True
2024-02-04,Sunday,43,Fresh Quickly,Beverages,74,True
2024-02-04,Sunday,44,Premium Cause,Dairy,12,True
2024-02-04,Sunday,45,Organic Leave,Produce,17,True
2024-02-04,Sunday,46,Organic Strong,Bakery,37,True
2024-02-04,Sunday,47,Fresh Strong,Produce,48,True
2024-02-04,Sunday,48,Fresh Newspaper,Produce,17,True
2024-02-04,Sunday,49,Fresh Carry,Dairy,11,True
2024-02-04,Sunday,50,Premium Catch,Meat,18,True
2024-02-05,Monday,1,Fresh Third,Dairy,11,False
2024-02-05,Monday,2,Organic Skin,Meat,18,False
2024-02-05,Monday,3,Organic Your,Frozen,6,False
2024-02-05,Monday,4,Fresh Particularly,Frozen,31,False
2024-02-05,Monday,5,Classic South,Dairy,19,False
2024-02-05,Monday,6,Premium Project,Dairy,23,False
2024-02-05,Monday,7,Fresh Wait,Frozen,31,False
2024-02-05,Monday,8,Fresh Drug,Produce,31,False
2024-02-05,Monday,9,Organic With,Frozen,16,False
2024-02-05,Monday,10,Classic Ago,Beverages,33,False
2024-02-05,Monday,11,Organic Lot,Dairy,21,False
2024-02-05,Monday,12,Classic Republican,Bakery,37,False
2024-02-05,Monday,13,Organic Least,Dairy,12,False
2024-02-05,Monday,14,Organic Money,Bakery,17,False
2024-02-05,Monday,15,Classic Hundred,Bakery,29,False
2024-02-05,Monday,16,Fresh Rich,Produce,25,False
2024-02-05,Monday,17,Premium Baby,Frozen,29,False
2024-02-05,Monday,18,Classic Happy,Meat,41,False
2024-02-05,Monday,19,Premium Two,Meat,24,False
2024-02-05,Monday,20,Organic Without,Frozen,30,False
2024-02-05,Monday,21,Fresh Against,Meat,7,False
2024-02-05,Monday,22,Premium Simple,Beverages,23,False
2024-02-05,Monday,23,Premium Area,Meat,33,False
2024-02-05,Monday,24,Fresh Air,Beverages,40,False
2024-02-05,Monday,25,Classic We,Meat,33,False
2024-02-05,Monday,26,Classic Outside,Frozen,17,False
2024-02-05,Monday,27,Classic Support,Beverages,6,False
2024-02-05,Monday,28,Premium Represent,Produce,42,False
2024-02-05,Monday,29,Fresh Get,Meat,12,False
2024-02-05,Monday,30,Premium Finish,Meat,26,False
2024-02-05,Monday,31,Premium Machine,Dairy,12,False
2024-02-05,Monday,32,Fresh Rest,Beverages,16,False
2024-02-05,Monday,33,Fresh Economic,Frozen,42,False
2024-02-05,Monday,34,Organic Summer,Frozen,26,False
2024-02-05,Monday,35,Organic Thus,Meat,27,False
2024-02-05,Monday,36,Premium Wrong,Bakery,18,False
2024-02-05,Monday,37,Premium Cause,Dairy,33,False
2024-02-05,Monday,38,Classic Easy,Beverages,32,False
2024-02-05,Monday,39,Fresh Local,Frozen,12,False
2024-02-05,Monday,40,Fresh Customer,Dairy,18,False
2024-02-05,Monday,41,Classic Century,Dairy,29,False
2024-02-05,Monday,42,Fresh Situation,Frozen,6,False
2024-02-05,Monday,43,Fresh Quickly,Beverages,40,False
2024-02-05,Monday,44,Premium Cause,Dairy,12,False
2024-02-05,Monday,45,Organic Leave,Produce,8,False
2024-02-05,Monday,46,Organic Strong,Bakery,27,False
2024-02-05,Monday,47,Fresh Strong,Produce,21,False
2024-02-05,Monday,48,Fresh Newspaper,Produce,9,False
2024-02-05,Monday,49,Fresh Carry,Dairy,7,False
2024-02-05,Monday,50,Premium Catch,Meat,9,False
2024-02-06,Tuesday,1,Fresh Third,Dairy,7,False
2024-02-06,Tuesday,2,Organic Skin,Meat,19,False
2024-02-06,Tuesday,3,Organic Your,Frozen,10,False
2024-02-06,Tuesday,4,Fresh Particularly,Frozen,30,False
2024-02-06,Tuesday,5,Classic South,Dairy,17,False
2024-02-06,Tuesday,6,Premium Project,Dairy,20,False
2024-02-06,Tuesday,7,Fresh Wait,Frozen,35,False
2024-02-06,Tuesday,8,Fresh Drug,Produce,31,False
2024-02-06,Tuesday,9,Organic With,Frozen,26,False
2024-02-06,Tuesday,10,Classic Ago,Beverages,34,False
2024-02-06,Tuesday,11,Organic Lot,Dairy,14,False
2024-02-06,Tuesday,12,Classic Republican,Bakery,30,False
2024-02-06,Tuesday,13,Organic Least,Dairy,12,False
2024-02-06,Tuesday,14,Organic Money,Bakery,25,False
2024-02-06,Tuesday,15,Classic Hundred,Bakery,16,False
2024-02-06,Tuesday,16,Fresh Rich,Produce,36,False
2024-02-06,Tuesday,17,Premium Baby,Frozen,25,False
2024-02-06,Tuesday,18,Classic Happy,Meat,45,False
2024-02-06,Tuesday,19,Premium Two,Meat,24,False
2024-02-06,Tuesday,20,Organic Without,Frozen,24,False
2024-02-06,Tuesday,21,Fresh Against,Meat,8,False
2024-02-06,Tuesday,22,Premium Simple,Beverages,24,False
2024-02-06,Tuesday,23,Premium Area,Meat,23,False
2024-02-06,Tuesday,24,Fresh Air,Beverages,33,False
2024-02-06,Tuesday,25,Classic We,Meat,40,False
2024-02-06,Tuesday,26,Classic Outside,Frozen,20,False
2024-02-06,Tuesday,27,Classic Support,Beverages,4,False
2024-02-06,Tuesday,28,Premium Represent,Produce,39,False
2024-02-06,Tuesday,29,Fresh Get,Meat,14,False
2024-02-06,Tuesday,30,Premium Finish,Meat,37,False
2024-02-06,Tuesday,31,Premium Machine,Dairy,16,False
2024-02-06,Tuesday,32,Fresh Rest,Beverages,19,False
2024-02-06,Tuesday,33,Fresh Economic,Frozen,39,False
2024-02-06,Tuesday,34,Organic Summer,Frozen,28,False
2024-02-06,Tuesday,35,Organic Thus,Meat,43,False
2024-02-06,Tuesday,36,Premium Wrong,Bakery,20,False
2024-02-06,Tuesday,37,Premium Cause,Dairy,33,False
2024-02-06,Tuesday,38,Classic Easy,Beverages,27,False
2024-02-06,Tuesday,39,Fresh Local,Frozen,14,False
2024-02-06,Tuesday,40,Fresh Customer,Dairy,20,False
2024-02-06,Tuesday,41,Classic Century,Dairy,27,False
2024-02-06,Tuesday,42,Fresh Situation,Frozen,6,False
2024-02-06,Tuesday,43,Fresh Quickly,Beverages,39,False
2024-02-06,Tuesday,44,Premium Cause,Dairy,12,False
2024-02-06,Tuesday,45,Organic Leave,Produce,12,False
2024-02-06,Tuesday,46,Organic Strong,Bakery,19,False
2024-02-06,Tuesday,47,Fresh Strong,Produce,20,False
2024-02-06,Tuesday,48,Fresh Newspaper,Produce,10,False
2024-02-06,Tuesday,49,Fresh Carry,Dairy,5,False
2024-02-06,Tuesday,50,Premium Catch,Meat,13,False
2024-02-07,Wednesday,1,Fresh Third,Dairy,8,False
2024-02-07,Wednesday,2,Organic Skin,Meat,16,False
2024-02-07,Wednesday,3,Organic Your,Frozen,8,False
2024-02-07,Wednesday,4,Fresh Particularly,Frozen,35,False
2024-02-07,Wednesday,5,Classic South,Dairy,19,False
2024-02-07,Wednesday,6,Premium Project,Dairy,27,False
2024-02-07,Wednesday,7,Fresh Wait,Frozen,35,False
2024-02-07,Wednesday,8,Fresh Drug,Produce,35,False
2024-02-07,Wednesday,9,Organic With,Frozen,29,False
2024-02-07,Wednesday,10,Classic Ago,Beverages,27,False
2024-02-07,Wednesday,11,Organic Lot,Dairy,15,False
2024-02-07,Wednesday,12,Classic Republican,Bakery,30,False
2024-02-07,Wednesday,13,Organic Least,Dairy,9,False
2024-02-07,Wednesday,14,Organic Money,Bakery,19,False
2024-02-07,Wednesday,15,Classic Hundred,Bakery,28,False
2024-02-07,Wednesday,16,Fresh Rich,Produce,23,False
2024-02-07,Wednesday,17,Premium Baby,Frozen,22,False
2024-02-07,Wednesday,18,Classic Happy,Meat,30,False
2024-02-07,Wednesday,19,Premium Two,Meat,14,False
2024-02-07,Wednesday,20,Organic Without,Frozen,22,False
2024-02-07,Wednesday,21,Fresh Against,Meat,10,False
2024-02-07,Wednesday,22,Premium Simple,Beverages,22,False
2024-02-07,Wednesday,23,Premium Area,Meat,29,False
2024-02-07,Wednesday,24,Fresh Air,Beverages,45,False
2024-02-07,Wednesday,25,Classic We,Meat,45,False
2024-02-07,Wednesday,26,Classic Outside,Frozen,16,False
2024-02-07,Wednesday,27,Classic Support,Beverages,7,False
2024-02-07,Wednesday,28,Premium Represent,Produce,24,False
2024-02-07,Wednesday,29,Fresh Get,Meat,11,False
2024-02-07,Wednesday,30,Premium Finish,Meat,44,False
2024-02-07,Wednesday,31,Premium Machine,Dairy,12,False
2024-02-07,Wednesday,32,Fresh Rest,Beverages,18,False
2024-02-07,Wednesday,33,Fresh Economic,Frozen,26,False
2024-02-07,Wednesday,34,Organic Summer,Frozen,17,False
2024-02-07,Wednesday,35,Organic Thus,Meat,45,False
2024-02-07,Wednesday,36,Premium Wrong,Bakery,16,False
2024-02-07,Wednesday,37,Premium Cause,Dairy,23,False
2024-02-07,Wednesday,38,Classic Easy,Beverages,36,False
2024-02-07,Wednesday,39,Fresh Local,Frozen,18,False
2024-02-07,Wednesday,40,Fresh Customer,Dairy,27,False
2024-02-07,Wednesday,41,Classic Century,Dairy,26,False
2024-02-07,Wednesday,42,Fresh Situation,Frozen,6,False
2024-02-07,Wednesday,43,Fresh Quickly,Beverages,39,False
2024-02-07,Wednesday,44,Premium Cause,Dairy,10,False
2024-02-07,Wednesday,45,Organic Leave,Produce,10,False
2024-02-07,Wednesday,46,Organic Strong,Bakery,19,False
2024-02-07,Wednesday,47,Fresh Strong,Produce,19,False
2024-02-07,Wednesday,48,Fresh Newspaper,Produce,8,False
2024-02-07,Wednesday,49,Fresh Carry,Dairy,6,False
2024-02-07,Wednesday,50,Premium Catch,Meat,13,False
2024-02-08,Thursday,1,Fresh Third,Dairy,9,False
2024-02-08,Thursday,2,Organic Skin,Meat,13,False
2024-02-08,Thursday,3,Organic Your,Frozen,7,False
2024-02-08,Thursday,4,Fresh Particularly,Frozen,32,False
2024-02-08,Thursday,5,Classic South,Dairy,19,False
2024-02-08,Thursday,6,Premium Project,Dairy,24,False
2024-02-08,Thursday,7,Fresh Wait,Frozen,29,False
2024-02-08,Thursday,8,Fresh Drug,Produce,21,False
2024-02-08,Thursday,9,Organic With,Frozen,17,False
2024-02-08,Thursday,10,Classic Ago,Beverages,22,False
2024-02-08,Thursday,11,Organic Lot,Dairy,21,False
2024-02-08,Thursday,12,Classic Republican,Bakery,33,False
2024-02-08,Thursday,13,Organic Least,Dairy,14,False
2024-02-08,Thursday,14,Organic Money,Bakery,15,False
2024-02-08,Thursday,15,Classic Hundred,Bakery,29,False
2024-02-08,Thursday,16,Fresh Rich,Produce,36,False
2024-02-08,Thursday,17,Premium Baby,Frozen,29,False
2024-02-08,Thursday,18,Classic Happy,Meat,35,False
2024-02-08,Thursday,19,Premium Two,Meat,14,False
2024-02-08,Thursday,20,Organic Without,Frozen,22,False
2024-02-08,Thursday,21,Fresh Against,Meat,8,False
2024-02-08,Thursday,22,Premium Simple,Beverages,22,False
2024-02-08,Thursday,23,Premium Area,Meat,34,False
2024-02-08,Thursday,24,Fresh Air,Beverages,40,False
2024-02-08,Thursday,25,Classic We,Meat,42,False
2024-02-08,Thursday,26,Classic Outside,Frozen,17,False
2024-02-08,Thursday,27,Classic Support,Beverages,4,False
2024-02-08,Thursday,28,Premium Represent,Produce,26,False
2024-02-08,Thursday,29,Fresh Get,Meat,13,False
2024-02-08,Thursday,30,Premium Finish,Meat,45,False
2024-02-08,Thursday,31,Premium Machine,Dairy,13,False
2024-02-08,Thursday,32,Fresh Rest,Beverages,17,False
2024-02-08,Thursday,33,Fresh Economic,Frozen,31,False
2024-02-08,Thursday,34,Organic Summer,Frozen,27,False
2024-02-08,Thursday,35,Organic Thus,Meat,31,False
2024-02-08,Thursday,36,Premium Wrong,Bakery,19,False
2024-02-08,Thursday,37,Premium Cause,Dairy,26,False
2024-02-08,Thursday,38,Classic Easy,Beverages,36,False
2024-02-08,Thursday,39,Fresh Local,Frozen,12,False
2024-02-08,Thursday,40,Fresh Customer,Dairy,28,False
2024-02-08,Thursday,41,Classic Century,Dairy,23,False
2024-02-08,Thursday,42,Fresh Situation,Frozen,7,False
2024-02-08,Thursday,43,Fresh Quickly,Beverages,42,False
2024-02-08,Thursday,44,Premium Cause,Dairy,12,False
2024-02-08,Thursday,45,Organic Leave,Produce,9,False
2024-02-08,Thursday,46,Organic Strong,Bakery,21,False
2024-02-08,Thursday,47,Fresh Strong,Produce,19,False
2024-02-08,Thursday,48,Fresh Newspaper,Produce,10,False
2024-02-08,Thursday,49,Fresh Carry,Dairy,5,False
2024-02-08,Thursday,50,Premium Catch,Meat,11,False
2024-02-09,Friday,1,Fresh Third,Dairy,12,False
2024-02-09,Friday,2,Organic Skin,Meat,17,False
2024-02-09,Friday,3,Organic Your,Frozen,10,False
2024-02-09,Friday,4,Fresh Particularly,Frozen,29,False
2024-02-09,Friday,5,Classic South,Dairy,23,False
2024-02-09,Friday,6,Premium Project,Dairy,23,False
2024-02-09,Friday,7,Fresh Wait,Frozen,30,False
2024-02-09,Friday,8,Fresh Drug,Produce,34,False
2024-02-09,Friday,9,Organic With,Frozen,18,False
2024-02-09,Friday,10,Classic Ago,Beverages,33,False
2024-02-09,Friday,11,Organic Lot,Dairy,21,False
2024-02-09,Friday,12,Classic Republican,Bakery,24,False
2024-02-09,Friday,13,Organic Least,Dairy,14,False
2024-02-09,Friday,14,Organic Money,Bakery,18,False
2024-02-09,Friday,15,Classic Hundred,Bakery,24,False
2024-02-09,Friday,16,Fresh Rich,Produce,39,False
2024-02-09,Friday,17,Premium Baby,Frozen,31,False
2024-02-09,Friday,18,Classic Happy,Meat,29,False
2024-02-09,Friday,19,Premium Two,Meat,22,False
2024-02-09,Friday,20,Organic Without,Frozen,21,False
2024-02-09,Friday,21,Fresh Against,Meat,8,False
2024-02-09,Friday,22,Premium Simple,Beverages,26,False
2024-02-09,Friday,23,Premium Area,Meat,33,False
2024-02-09,Friday,24,Fresh Air,Beverages,45,False
2024-02-09,Friday,25,Classic We,Meat,31,False
2024-02-09,Friday,26,Classic Outside,Frozen,16,False
2024-02-09,Friday,27,Classic Support,Beverages,6,False
2024-02-09,Friday,28,Premium Represent,Produce,39,False
2024-02-09,Friday,29,Fresh Get,Meat,14,False
2024-02-09,Friday,30,Premium Finish,Meat,32,False
2024-02-09,Friday,31,Premium Machine,Dairy,13,False
2024-02-09,Friday,32,Fresh Rest,Beverages,12,False
2024-02-09,Friday,33,Fresh Economic,Frozen,31,False
2024-02-09,Friday,34,Organic Summer,Frozen,30,False
2024-02-09,Friday,35,Organic Thus,Meat,43,False
2024-02-09,Friday,36,Premium Wrong,Bakery,12,False
2024-02-09,Friday,37,Premium Cause,Dairy,31,False
2024-02-09,Friday,38,Classic Easy,Beverages,26,False
2024-02-09,Friday,39,Fresh Local,Frozen,15,False
2024-02-09,Friday,40,Fresh Customer,Dairy,21,False
2024-02-09,Friday,41,Classic Century,Dairy,34,False
2024-02-09,Friday,42,Fresh Situation,Frozen,6,False
2024-02-09,Friday,43,Fresh Quickly,Beverages,34,False
2024-02-09,Friday,44,Premium Cause,Dairy,11,False
2024-02-09,Friday,45,Organic Leave,Produce,10,False
2024-02-09,Friday,46,Organic Strong,Bakery,25,False
2024-02-09,Friday,47,Fresh Strong,Produce,14,False
2024-02-09,Friday,48,Fresh Newspaper,Produce,9,False
2024-02-09,Friday,49,Fresh Carry,Dairy,6,False
2024-02-09,Friday,50,Premium Catch,Meat,9,False
2024-02-10,Saturday,1,Fresh Third,Dairy,27,True
2024-02-10,Saturday,2,Organic Skin,Meat,42,True
2024-02-10,Saturday,3,Organic Your,Frozen,21,True
2024-02-10,Saturday,4,Fresh Particularly,Frozen,30,True
2024-02-10,Saturday,5,Classic South,Dairy,29,True
2024-02-10,Saturday,6,Premium Project,Dairy,45,True
2024-02-10,Saturday,7,Fresh Wait,Frozen,32,True
2024-02-10,Saturday,8,Fresh Drug,Produce,75,True
2024-02-10,Saturday,9,Organic With,Frozen,48,True
2024-02-10,Saturday,10,Classic Ago,Beverages,35,True
2024-02-10,Saturday,11,Organic Lot,Dairy,23,True
2024-02-10,Saturday,12,Classic Republican,Bakery,73,True
2024-02-10,Saturday,13,Organic Least,Dairy,19,True
2024-02-10,Saturday,14,Organic Money,Bakery,52,True
2024-02-10,Saturday,15,Classic Hundred,Bakery,64,True
2024-02-10,Saturday,16,Fresh Rich,Produce,72,True
2024-02-10,Saturday,17,Premium Baby,Frozen,87,True
2024-02-10,Saturday,18,Classic Happy,Meat,52,True
2024-02-10,Saturday,19,Premium Two,Meat,16,True
2024-02-10,Saturday,20,Organic Without,Frozen,40,True
2024-02-10,Saturday,21,Fresh Against,Meat,22,True
2024-02-10,Saturday,22,Premium Simple,Beverages,33,True
2024-02-10,Saturday,23,Premium Area,Meat,80,True
2024-02-10,Saturday,24,Fresh Air,Beverages,57,True
2024-02-10,Saturday,25,Classic We,Meat,75,True
2024-02-10,Saturday,26,Classic Outside,Frozen,28,True
2024-02-10,Saturday,27,Classic Support,Beverages,6,True
2024-02-10,Saturday,28,Premium Represent,Produce,95,True
2024-02-10,Saturday,29,Fresh Get,Meat,20,True
2024-02-10,Saturday,30,Premium Finish,Meat,41,True
2024-02-10,Saturday,31,Premium Machine,Dairy,27,True
2024-02-10,Saturday,32,Fresh Rest,Beverages,19,True
2024-02-10,Saturday,33,Fresh Economic,Frozen,84,True
2024-02-10,Saturday,34,Organic Summer,Frozen,26,True
2024-02-10,Saturday,35,Organic Thus,Meat,52,True
2024-02-10,Saturday,36,Premium Wrong,Bakery,41,True
2024-02-10,Saturday,37,Premium Cause,Dairy,43,True
2024-02-10,Saturday,38,Classic Easy,Beverages,54,True
2024-02-10,Saturday,39,Fresh Local,Frozen,25,True
2024-02-10,Saturday,40,Fresh Customer,Dairy,52,True
2024-02-10,Saturday,41,Classic Century,Dairy,48,True
2024-02-10,Saturday,42,Fresh Situation,Frozen,15,True
2024-02-10,Saturday,43,Fresh Quickly,Beverages,60,True
2024-02-10,Saturday,44,Premium Cause,Dairy,19,True
2024-02-10,Saturday,45,Organic Leave,Produce,19,True
2024-02-10,Saturday,46,Organic Strong,Bakery,43,True
2024-02-10,Saturday,47,Fresh Strong,Produce,54,True
2024-02-10,Saturday,48,Fresh Newspaper,Produce,14,True
2024-02-10,Saturday,49,Fresh Carry,Dairy,13,True
2024-02-10,Saturday,50,Premium Catch,Meat,19,True
2024-02-11,Sunday,1,Fresh Third,Dairy,18,True
2024-02-11,Sunday,2,Organic Skin,Meat,43,True
2024-02-11,Sunday,3,Organic Your,Frozen,19,True
2024-02-11,Sunday,4,Fresh Particularly,Frozen,32,True
2024-02-11,Sunday,5,Classic South,Dairy,26,True
2024-02-11,Sunday,6,Premium Project,Dairy,54,True
2024-02-11,Sunday,7,Fresh Wait,Frozen,51,True
2024-02-11,Sunday,8,Fresh Drug,Produce,46,True
2024-02-11,Sunday,9,Organic With,Frozen,56,True
2024-02-11,Sunday,10,Classic Ago,Beverages,50,True
2024-02-11,Sunday,11,Organic Lot,Dairy,37,True
2024-02-11,Sunday,12,Classic Republican,Bakery,59,True
2024-02-11,Sunday,13,Organic Least,Dairy,18,True
2024-02-11,Sunday,14,Organic Money,Bakery,38,True
2024-02-11,Sunday,15,Classic Hundred,Bakery,44,True
2024-02-11,Sunday,16,Fresh Rich,Produce,65,True
2024-02-11,Sunday,17,Premium Baby,Frozen,67,True
2024-02-11,Sunday,18,Classic Happy,Meat,50,True
2024-02-11,Sunday,19,Premium Two,Meat,28,True
2024-02-11,Sunday,20,Organic Without,Frozen,40,True
2024-02-11,Sunday,21,Fresh Against,Meat,29,True
2024-02-11,Sunday,22,Premium Simple,Beverages,30,True
2024-02-11,Sunday,23,Premium Area,Meat,75,True
2024-02-11,Sunday,24,Fresh Air,Beverages,54,True
2024-02-11,Sunday,25,Classic We,Meat,56,True
2024-02-11,Sunday,26,Classic Outside,Frozen,45,True
2024-02-11,Sunday,27,Classic Support,Beverages,9,True
2024-02-11,Sunday,28,Premium Represent,Produce,64,True
2024-02-11,Sunday,29,Fresh Get,Meat,30,True
2024-02-11,Sunday,30,Premium Finish,Meat,53,True
2024-02-11,Sunday,31,Premium Machine,Dairy,22,True
2024-02-11,Sunday,32,Fresh Rest,Beverages,16,True
2024-02-11,Sunday,33,Fresh Economic,Frozen,73,True
2024-02-11,Sunday,34,Organic Summer,Frozen,40,True
2024-02-11,Sunday,35,Organic Thus,Meat,63,True
2024-02-11,Sunday,36,Premium Wrong,Bakery,39,True
2024-02-11,Sunday,37,Premium Cause,Dairy,57,True
2024-02-11,Sunday,38,Classic Easy,Beverages,55,True
2024-02-11,Sunday,39,Fresh Local,Frozen,24,True
2024-02-11,Sunday,40,Fresh Customer,Dairy,41,True
2024-02-11,Sunday,41,Classic Century,Dairy,53,True
2024-02-11,Sunday,42,Fresh Situation,Frozen,17,True
2024-02-11,Sunday,43,Fresh Quickly,Beverages,58,True
2024-02-11,Sunday,44,Premium Cause,Dairy,16,True
2024-02-11,Sunday,45,Organic Leave,Produce,16,True
2024-02-11,Sunday,46,Organic Strong,Bakery,56,True
2024-02-11,Sunday,47,Fresh Strong,Produce,53,True
2024-02-11,Sunday,48,Fresh Newspaper,Produce,12,True
2024-02-11,Sunday,49,Fresh Carry,Dairy,12,True
2024-02-11,Sunday,50,Premium Catch,Meat,11,True
2024-02-12,Monday,1,Fresh Third,Dairy,7,False
2024-02-12,Monday,2,Organic Skin,Meat,20,False
2024-02-12,Monday,3,Organic Your,Frozen,11,False
2024-02-12,Monday,4,Fresh Particularly,Frozen,19,False
2024-02-12,Monday,5,Classic South,Dairy,23,False
2024-02-12,Monday,6,Premium Project,Dairy,20,False
2024-02-12,Monday,7,Fresh Wait,Frozen,29,False
2024-02-12,Monday,8,Fresh Drug,Produce,28,False
2024-02-12,Monday,9,Organic With,Frozen,25,False
2024-02-12,Monday,10,Classic Ago,Beverages,32,False
2024-02-12,Monday,11,Organic Lot,Dairy,14,False
2024-02-12,Monday,12,Classic Republican,Bakery,31,False
2024-02-12,Monday,13,Organic Least,Dairy,13,False
2024-02-12,Monday,14,Organic Money,Bakery,21,False
2024-02-12,Monday,15,Classic Hundred,Bakery,20,False
2024-02-12,Monday,16,Fresh Rich,Produce,27,False
2024-02-12,Monday,17,Premium Baby,Frozen,36,False
2024-02-12,Monday,18,Classic Happy,Meat,45,False
2024-02-12,Monday,19,Premium Two,Meat,22,False
2024-02-12,Monday,20,Organic Without,Frozen,22,False
2024-02-12,Monday,21,Fresh Against,Meat,8,False
2024-02-12,Monday,22,Premium Simple,Beverages,23,False
2024-02-12,Monday,23,Premium Area,Meat,25,False
2024-02-12,Monday,24,Fresh Air,Beverages,48,False
2024-02-12,Monday,25,Classic We,Meat,28,False
2024-02-12,Monday,26,Classic Outside,Frozen,22,False
2024-02-12,Monday,27,Classic Support,Beverages,4,False
2024-02-12,Monday,28,Premium Represent,Produce,33,False
2024-02-12,Monday,29,Fresh Get,Meat,9,False
2024-02-12,Monday,30,Premium Finish,Meat,27,False
2024-02-12,Monday,31,Premium Machine,Dairy,15,False
2024-02-12,Monday,32,Fresh Rest,Beverages,11,False
2024-02-12,Monday,33,Fresh Economic,Frozen,26,False
2024-02-12,Monday,34,Organic Summer,Frozen,27,False
2024-02-12,Monday,35,Organic Thus,Meat,34,False
2024-02-12,Monday,36,Premium Wrong,Bakery,15,False
2024-02-12,Monday,37,Premium Cause,Dairy,21,False
2024-02-12,Monday,38,Classic Easy,Beverages,26,False
2024-02-12,Monday,39,Fresh Local,Frozen,16,False
2024-02-12,Monday,40,Fresh Customer,Dairy,28,False
2024-02-12,Monday,41,Classic Century,Dairy,33,False
2024-02-12,Monday,42,Fresh Situation,Frozen,7,False
2024-02-12,Monday,43,Fresh Quickly,Beverages,26,False
2024-02-12,Monday,44,Premium Cause,Dairy,12,False
2024-02-12,Monday,45,Organic Leave,Produce,8,False
2024-02-12,Monday,46,Organic Strong,Bakery,23,False
2024-02-12,Monday,47,Fresh Strong,Produce,16,False
2024-02-12,Monday,48,Fresh Newspaper,Produce,12,False
2024-02-12,Monday,49,Fresh Carry,Dairy,7,False
2024-02-12,Monday,50,Premium Catch,Meat,13,False
2024-02-13,Tuesday,1,Fresh Third,Dairy,9,False
2024-02-13,Tuesday,2,Organic Skin,Meat,22,False
2024-02-13,Tuesday,3,Organic Your,Frozen,9,False
2024-02-13,Tuesday,4,Fresh Particularly,Frozen,26,False
2024-02-13,Tuesday,5,Classic South,Dairy,17,False
2024-02-13,Tuesday,6,Premium Project,Dairy,34,False
2024-02-13,Tuesday,7,Fresh Wait,Frozen,23,False
2024-02-13,Tuesday,8,Fresh Drug,Produce,34,False
2024-02-13,Tuesday,9,Organic With,Frozen,28,False
2024-02-13,Tuesday,10,Classic Ago,Beverages,22,False
2024-02-13,Tuesday,11,Organic Lot,Dairy,15,False
2024-02-13,Tuesday,12,Classic Republican,Bakery,31,False
2024-02-13,Tuesday,13,Organic Least,Dairy,11,False
2024-02-13,Tuesday,14,Organic Money,Bakery,21,False
2024-02-13,Tuesday,15,Classic Hundred,Bakery,24,False
2024-02-13,Tuesday,16,Fresh Rich,Produce,27,False
2024-02-13,Tuesday,17,Premium Baby,Frozen,31,False
2024-02-13,Tuesday,18,Classic Happy,Meat,33,False
2024-02-13,Tuesday,19,Premium Two,Meat,17,False
2024-02-13,Tuesday,20,Organic Without,Frozen,31,False
2024-02-13,Tuesday,21,Fresh Against,Meat,9,False
2024-02-13,Tuesday,22,Premium Simple,Beverages,17,False
2024-02-13,Tuesday,23,Premium Area,Meat,25,False
2024-02-13,Tuesday,24,Fresh Air,Beverages,35,False
2024-02-13,Tuesday,25,Classic We,Meat,27,False
2024-02-13,Tuesday,26,Classic Outside,Frozen,19,False
2024-02-13,Tuesday,27,Classic Support,Beverages,6,False
2024-02-13,Tuesday,28,Premium Represent,Produce,25,False
2024-02-13,Tuesday,29,Fresh Get,Meat,14,False
2024-02-13,Tuesday,30,Premium Finish,Meat,35,False
2024-02-13,Tuesday,31,Premium Machine,Dairy,10,False
2024-02-13,Tuesday,32,Fresh Rest,Beverages,16,False
2024-02-13,Tuesday,33,Fresh Economic,Frozen,37,False
2024-02-13,Tuesday,34,Organic Summer,Frozen,29,False
2024-02-13,Tuesday,35,Organic Thus,Meat,30,False
2024-02-13,Tuesday,36,Premium Wrong,Bakery,14,False
2024-02-13,Tuesday,37,Premium Cause,Dairy,23,False
2024-02-13,Tuesday,38,Classic Easy,Beverages,33,False
2024-02-13,Tuesday,39,Fresh Local,Frozen,14,False
2024-02-13,Tuesday,40,Fresh Customer,Dairy,16,False
2024-02-13,Tuesday,41,Classic Century,Dairy,26,False
2024-02-13,Tuesday,42,Fresh Situation,Frozen,4,False
2024-02-13,Tuesday,43,Fresh Quickly,Beverages,25,False
2024-02-13,Tuesday,44,Premium Cause,Dairy,11,False
2024-02-13,Tuesday,45,Organic Leave,Produce,11,False
2024-02-13,Tuesday,46,Organic Strong,Bakery,20,False
2024-02-13,Tuesday,47,Fresh Strong,Produce,17,False
2024-02-13,Tuesday,48,Fresh Newspaper,Produce,10,False
2024-02-13,Tuesday,49,Fresh Carry,Dairy,6,False
2024-02-13,Tuesday,50,Premium Catch,Meat,10,False
2024-02-14,Wednesday,1,Fresh Third,Dairy,7,False
2024-02-14,Wednesday,2,Organic Skin,Meat,21,False
2024-02-14,Wednesday,3,Organic Your,Frozen,10,False
2024-02-14,Wednesday,4,Fresh Particularly,Frozen,23,False
2024-02-14,Wednesday,5,Classic South,Dairy,30,False
2024-02-14,Wednesday,6,Premium Project,Dairy,34,False
2024-02-14,Wednesday,7,Fresh Wait,Frozen,29,False
2024-02-14,Wednesday,8,Fresh Drug,Produce,33,False
2024-02-14,Wednesday,9,Organic With,Frozen,18,False
2024-02-14,Wednesday,10,Classic Ago,Beverages,28,False
2024-02-14,Wednesday,11,Organic Lot,Dairy,22,False
2024-02-14,Wednesday,12,Classic Republican,Bakery,26,False
2024-02-14,Wednesday,13,Organic Least,Dairy,11,False
2024-02-14,Wednesday,14,Organic Money,Bakery,26,False
2024-02-14,Wednesday,15,Classic Hundred,Bakery,23,False
2024-02-14,Wednesday,16,Fresh Rich,Produce,28,False
2024-02-14,Wednesday,17,Premium Baby,Frozen,34,False
2024-02-14,Wednesday,18,Classic Happy,Meat,35,False
2024-02-14,Wednesday,19,Premium Two,Meat,22,False
2024-02-14,Wednesday,20,Organic Without,Frozen,18,False
2024-02-14,Wednesday,21,Fresh Against,Meat,12,False
2024-02-14,Wednesday,22,Premium Simple,Beverages,28,False
2024-02-14,Wednesday,23,Premium Area,Meat,32,False
2024-02-14,Wednesday,24,Fresh Air,Beverages,34,False
2024-02-14,Wednesday,25,Classic We,Meat,31,False
2024-02-14,Wednesday,26,Classic Outside,Frozen,21,False
2024-02-14,Wednesday,27,Classic Support,Beverages,6,False
2024-02-14,Wednesday,28,Premium Represent,Produce,31,False
2024-02-14,Wednesday,29,Fresh Get,Meat,9,False
2024-02-14,Wednesday,30,Premium Finish,Meat,37,False
2024-02-14,Wednesday,31,Premium Machine,Dairy,11,False
2024-02-14,Wednesday,32,Fresh Rest,Beverages,14,False
2024-02-14,Wednesday,33,Fresh Economic,Frozen,25,False
2024-02-14,Wednesday,34,Organic Summer,Frozen,29,False
2024-02-14,Wednesday,35,Organic Thus,Meat,30,False
2024-02-14,Wednesday,36,Premium Wrong,Bakery,14,False
2024-02-14,Wednesday,37,Premium Cause,Dairy,20,False
2024-02-14,Wednesday,38,Classic Easy,Beverages,41,False
2024-02-14,Wednesday,39,Fresh Local,Frozen,13,False
2024-02-14,Wednesday,40,Fresh Customer,Dairy,20,False
2024-02-14,Wednesday,41,Classic Century,Dairy,34,False
2024-02-14,Wednesday,42,Fresh Situation,Frozen,6,False
2024-02-14,Wednesday,43,Fresh Quickly,Beverages,41,False
2024-02-14,Wednesday,44,Premium Cause,Dairy,8,False
2024-02-14,Wednesday,45,Organic Leave,Produce,9,False
2024-02-14,Wednesday,46,Organic Strong,Bakery,17,False
2024-02-14,Wednesday,47,Fresh Strong,Produce,21,False
2024-02-14,Wednesday,48,Fresh Newspaper,Produce,10,False
2024-02-14,Wednesday,49,Fresh Carry,Dairy,7,False
2024-02-14,Wednesday,50,Premium Catch,Meat,12,False
2024-02-15,Thursday,1,Fresh Third,Dairy,10,False
2024-02-15,Thursday,2,Organic Skin,Meat,13,False
2024-02-15,Thursday,3,Organic Your,Frozen,10,False
2024-02-15,Thursday,4,Fresh Particularly,Frozen,33,False
2024-02-15,Thursday,5,Classic South,Dairy,29,False
2024-02-15,Thursday,6,Premium Project,Dairy,36,False
2024-02-15,Thursday,7,Fresh Wait,Frozen,22,False
2024-02-15,Thursday,8,Fresh Drug,Produce,24,False
2024-02-15,Thursday,9,Organic With,Frozen,19,False
2024-02-15,Thursday,10,Classic Ago,Beverages,20,False
2024-02-15,Thursday,11,Organic Lot,Dairy,19,False
2024-02-15,Thursday,12,Classic Republican,Bakery,34,False
2024-02-15,Thursday,13,Organic Least,Dairy,16,False
2024-02-15,Thursday,14,Organic Money,Bakery,21,False
2024-02-15,Thursday,15,Classic Hundred,Bakery,26,False
2024-02-15,Thursday,16,Fresh Rich,Produce,33,False
2024-02-15,Thursday,17,Premium Baby,Frozen,30,False
2024-02-15,Thursday,18,Classic Happy,Meat,33,False
2024-02-15,Thursday,19,Premium Two,Meat,17,False
2024-02-15,Thursday,20,Organic Without,Frozen,19,False
2024-02-15,Thursday,21,Fresh Against,Meat,10,False
2024-02-15,Thursday,22,Premium Simple,Beverages,25,False
2024-02-15,Thursday,23,Premium Area,Meat,32,False
2024-02-15,Thursday,24,Fresh Air,Beverages,31,False
2024-02-15,Thursday,25,Classic We,Meat,46,False
2024-02-15,Thursday,26,Classic Outside,Frozen,17,False
2024-02-15,Thursday,27,Classic Support,Beverages,5,False
2024-02-15,Thursday,28,Premium Represent,Produce,42,False
2024-02-15,Thursday,29,Fresh Get,Meat,15,False
2024-02-15,Thursday,30,Premium Finish,Meat,33,False
2024-02-15,Thursday,31,Premium Machine,Dairy,12,False
2024-02-15,Thursday,32,Fresh Rest,Beverages,12,False
2024-02-15,Thursday,33,Fresh Economic,Frozen,39,False
2024-02-15,Thursday,34,Organic Summer,Frozen,27,False
2024-02-15,Thursday,35,Organic Thus,Meat,37,False
2024-02-15,Thursday,36,Premium Wrong,Bakery,22,False
2024-02-15,Thursday,37,Premium Cause,Dairy,30,False
2024-02-15,Thursday,38,Classic Easy,Beverages,26,False
2024-02-15,Thursday,39,Fresh Local,Frozen,19,False
2024-02-15,Thursday,40,Fresh Customer,Dairy,26,False
2024-02-15,Thursday,41,Classic Century,Dairy,39,False
2024-02-15,Thursday,42,Fresh Situation,Frozen,4,False
2024-02-15,Thursday,43,Fresh Quickly,Beverages,34,False
2024-02-15,Thursday,44,Premium Cause,Dairy,11,False
2024-02-15,Thursday,45,Organic Leave,Produce,12,False
2024-02-15,Thursday,46,Organic Strong,Bakery,22,False
2024-02-15,Thursday,47,Fresh Strong,Produce,22,False
2024-02-15,Thursday,48,Fresh Newspaper,Produce,9,False
2024-02-15,Thursday,49,Fresh Carry,Dairy,5,False
2024-02-15,Thursday,50,Premium Catch,Meat,12,False
2024-02-16,Friday,1,Fresh Third,Dairy,11,False
2024-02-16,Friday,2,Organic Skin,Meat,21,False
2024-02-16,Friday,3,Organic Your,Frozen,7,False
2024-02-16,Friday,4,Fresh Particularly,Frozen,32,False
2024-02-16,Friday,5,Classic South,Dairy,25,False
2024-02-16,Friday,6,Premium Project,Dairy,21,False
2024-02-16,Friday,7,Fresh Wait,Frozen,30,False
2024-02-16,Friday,8,Fresh Drug,Produce,35,False
2024-02-16,Friday,9,Organic With,Frozen,26,False
2024-02-16,Friday,10,Classic Ago,Beverages,20,False
2024-02-16,Friday,11,Organic Lot,Dairy,14,False
2024-02-16,Friday,12,Classic Republican,Bakery,22,False
2024-02-16,Friday,13,Organic Least,Dairy,11,False
2024-02-16,Friday,14,Organic Money,Bakery,15,False
2024-02-16,Friday,15,Classic Hundred,Bakery,29,False
2024-02-16,Friday,16,Fresh Rich,Produce,35,False
2024-02-16,Friday,17,Premium Baby,Frozen,33,False
2024-02-16,Friday,18,Classic Happy,Meat,32,False
2024-02-16,Friday,19,Premium Two,Meat,20,False
2024-02-16,Friday,20,Organic Without,Frozen,17,False
2024-02-16,Friday,21,Fresh Against,Meat,10,False
2024-02-16,Friday,22,Premium Simple,Beverages,19,False
2024-02-16,Friday,23,Premium Area,Meat,26,False
2024-02-16,Friday,24,Fresh Air,Beverages,44,False
2024-02-16,Friday,25,Classic We,Meat,37,False
2024-02-16,Friday,26,Classic Outside,Frozen,19,False
2024-02-16,Friday,27,Classic Support,Beverages,6,False
2024-02-16,Friday,28,Premium Represent,Produce,27,False
2024-02-16,Friday,29,Fresh Get,Meat,15,False
2024-02-16,Friday,30,Premium Finish,Meat,38,False
2024-02-16,Friday,31,Premium Machine,Dairy,13,False
2024-02-16,Friday,32,Fresh Rest,Beverages,16,False
2024-02-16,Friday,33,Fresh Economic,Frozen,37,False
2024-02-16,Friday,34,Organic Summer,Frozen,19,False
2024-02-16,Friday,35,Organic Thus,Meat,32,False
2024-02-16,Friday,36,Premium Wrong,Bakery,22,False
2024-02-16,Friday,37,Premium Cause,Dairy,28,False
2024-02-16,Friday,38,Classic Easy,Beverages,35,False
2024-02-16,Friday,39,Fresh Local,Frozen,19,False
2024-02-16,Friday,40,Fresh Customer,Dairy,24,False
2024-02-16,Friday,41,Classic Century,Dairy,31,False
2024-02-16,Friday,42,Fresh Situation,Frozen,5,False
2024-02-16,Friday,43,Fresh Quickly,Beverages,26,False
2024-02-16,Friday,44,Premium Cause,Dairy,10,False
2024-02-16,Friday,45,Organic Leave,Produce,10,False
2024-02-16,Friday,46,Organic Strong,Bakery,17,False
2024-02-16,Friday,47,Fresh Strong,Produce,13,False
2024-02-16,Friday,48,Fresh Newspaper,Produce,10,False
2024-02-16,Friday,49,Fresh Carry,Dairy,7,False
2024-02-16,Friday,50,Premium Catch,Meat,13,False
2024-02-17,Saturday,1,Fresh Third,Dairy,20,True
2024-02-17,Saturday,2,Organic Skin,Meat,32,True
2024-02-17,Saturday,3,Organic Your,Frozen,22,True
2024-02-17,Saturday,4,Fresh Particularly,Frozen,41,True
2024-02-17,Saturday,5,Classic South,Dairy,37,True
2024-02-17,Saturday,6,Premium Project,Dairy,36,True
2024-02-17,Saturday,7,Fresh Wait,Frozen,31,True
2024-02-17,Saturday,8,Fresh Drug,Produce,66,True
2024-02-17,Saturday,9,Organic With,Frozen,60,True
2024-02-17,Saturday,10,Classic Ago,Beverages,46,True
2024-02-17,Saturday,11,Organic Lot,Dairy,32,True
2024-02-17,Saturday,12,Classic Republican,Bakery,57,True
2024-02-17,Saturday,13,Organic Least,Dairy,18,True
2024-02-17,Saturday,14,Organic Money,Bakery,52,True
2024-02-17,Saturday,15,Classic Hundred,Bakery,40,True
2024-02-17,Saturday,16,Fresh Rich,Produce,62,True
2024-02-17,Saturday,17,Premium Baby,Frozen,60,True
2024-02-17,Saturday,18,Classic Happy,Meat,58,True
2024-02-17,Saturday,19,Premium Two,Meat,18,True
2024-02-17,Saturday,20,Organic Without,Frozen,37,True
2024-02-17,Saturday,21,Fresh Against,Meat,19,True
2024-02-17,Saturday,22,Premium Simple,Beverages,30,True
2024-02-17,Saturday,23,Premium Area,Meat,52,True
2024-02-17,Saturday,24,Fresh Air,Beverages,74,True
2024-02-17,Saturday,25,Classic We,Meat,70,True
2024-02-17,Saturday,26,Classic Outside,Frozen,39,True
2024-02-17,Saturday,27,Classic Support,Beverages,9,True
2024-02-17,Saturday,28,Premium Represent,Produce,55,True
2024-02-17,Saturday,29,Fresh Get,Meat,28,True
2024-02-17,Saturday,30,Premium Finish,Meat,54,True
2024-02-17,Saturday,31,Premium Machine,Dairy,18,True
2024-02-17,Saturday,32,Fresh Rest,Beverages,24,True
2024-02-17,Saturday,33,Fresh Economic,Frozen,77,True
2024-02-17,Saturday,34,Organic Summer,Frozen,41,True
2024-02-17,Saturday,35,Organic Thus,Meat,70,True
2024-02-17,Saturday,36,Premium Wrong,Bakery,45,True
2024-02-17,Saturday,37,Premium Cause,Dairy,34,True
2024-02-17,Saturday,38,Classic Easy,Beverages,78,True
2024-02-17,Saturday,39,Fresh Local,Frozen,41,True
2024-02-17,Saturday,40,Fresh Customer,Dairy,49,True
2024-02-17,Saturday,41,Classic Century,Dairy,47,True
2024-02-17,Saturday,42,Fresh Situation,Frozen,12,True
2024-02-17,Saturday,43,Fresh Quickly,Beverages,52,True
2024-02-17,Saturday,44,Premium Cause,Dairy,19,True
2024-02-17,Saturday,45,Organic Leave,Produce,21,True
2024-02-17,Saturday,46,Organic Strong,Bakery,57,True
2024-02-17,Saturday,47,Fresh Strong,Produce,46,True
2024-02-17,Saturday,48,Fresh Newspaper,Produce,14,True
2024-02-17,Saturday,49,Fresh Carry,Dairy,10,True
2024-02-17,Saturday,50,Premium Catch,Meat,18,True
2024-02-18,Sunday,1,Fresh Third,Dairy,27,True
2024-02-18,Sunday,2,Organic Skin,Meat,26,True
2024-02-18,Sunday,3,Organic Your,Frozen,16,True
2024-02-18,Sunday,4,Fresh Particularly,Frozen,46,True
2024-02-18,Sunday,5,Classic South,Dairy,34,True
2024-02-18,Sunday,6,Premium Project,Dairy,57,True
2024-02-18,Sunday,7,Fresh Wait,Frozen,36,True
2024-02-18,Sunday,8,Fresh Drug,Produce,75,True
2024-02-18,Sunday,9,Organic With,Frozen,52,True
2024-02-18,Sunday,10,Classic Ago,Beverages,49,True
2024-02-18,Sunday,11,Organic Lot,Dairy,34,True
2024-02-18,Sunday,12,Classic Republican,Bakery,74,True
2024-02-18,Sunday,13,Organic Least,Dairy,17,True
2024-02-18,Sunday,14,Organic Money,Bakery,34,True
2024-02-18,Sunday,15,Classic Hundred,Bakery,58,True
2024-02-18,Sunday,16,Fresh Rich,Produce,87,True
2024-02-18,Sunday,17,Premium Baby,Frozen,62,True
2024-02-18,Sunday,18,Classic Happy,Meat,59,True
2024-02-18,Sunday,19,Premium Two,Meat,19,True
2024-02-18,Sunday,20,Organic Without,Frozen,37,True
2024-02-18,Sunday,21,Fresh Against,Meat,27,True
2024-02-18,Sunday,22,Premium Simple,Beverages,38,True
2024-02-18,Sunday,23,Premium Area,Meat,84,True
2024-02-18,Sunday,24,Fresh Air,Beverages,69,True
2024-02-18,Sunday,25,Classic We,Meat,60,True
2024-02-18,Sunday,26,Classic Outside,Frozen,43,True
2024-02-18,Sunday,27,Classic Support,Beverages,7,True
2024-02-18,Sunday,28,Premium Represent,Produce,57,True
2024-02-18,Sunday,29,Fresh Get,Meat,22,True
2024-02-18,Sunday,30,Premium Finish,Meat,68,True
2024-02-18,Sunday,31,Premium Machine,Dairy,19,True
2024-02-18,Sunday,32,Fresh Rest,Beverages,17,True
2024-02-18,Sunday,33,Fresh Economic,Frozen,67,True
2024-02-18,Sunday,34,Organic Summer,Frozen,40,True
2024-02-18,Sunday,35,Organic Thus,Meat,53,True
2024-02-18,Sunday,36,Premium Wrong,Bakery,36,True
2024-02-18,Sunday,37,Premium Cause,Dairy,36,True
2024-02-18,Sunday,38,Classic Easy,Beverages,55,True
2024-02-18,Sunday,39,Fresh Local,Frozen,29,True
2024-02-18,Sunday,40,Fresh Customer,Dairy,35,True
2024-02-18,Sunday,41,Classic Century,Dairy,70,True
2024-02-18,Sunday,42,Fresh Situation,Frozen,11,True
2024-02-18,Sunday,43,Fresh Quickly,Beverages,71,True
2024-02-18,Sunday,44,Premium Cause,Dairy,20,True
2024-02-18,Sunday,45,Organic Leave,Produce,19,True
2024-02-18,Sunday,46,Organic Strong,Bakery,36,True
2024-02-18,Sunday,47,Fresh Strong,Produce,32,True
2024-02-18,Sunday,48,Fresh Newspaper,Produce,12,True
2024-02-18,Sunday,49,Fresh Carry,Dairy,7,True
2024-02-18,Sunday,50,Premium Catch,Meat,18,True
2024-02-19,Monday,1,Fresh Third,Dairy,9,False
2024-02-19,Monday,2,Organic Skin,Meat,16,False
2024-02-19,Monday,3,Organic Your,Frozen,10,False
2024-02-19,Monday,4,Fresh Particularly,Frozen,28,False
2024-02-19,Monday,5,Classic South,Dairy,29,False
2024-02-19,Monday,6,Premium Project,Dairy,21,False
2024-02-19,Monday,7,Fresh Wait,Frozen,33,False
2024-02-19,Monday,8,Fresh Drug,Produce,29,False
2024-02-19,Monday,9,Organic With,Frozen,24,False
2024-02-19,Monday,10,Classic Ago,Beverages,24,False
2024-02-19,Monday,11,Organic Lot,Dairy,24,False
2024-02-19,Monday,12,Classic Republican,Bakery,33,False
2024-02-19,Monday,13,Organic Least,Dairy,10,False
2024-02-19,Monday,14,Organic Money,Bakery,15,False
2024-02-19,Monday,15,Classic Hundred,Bakery,19,False
2024-02-19,Monday,16,Fresh Rich,Produce,37,False
2024-02-19,Monday,17,Premium Baby,Frozen,28,False
2024-02-19,Monday,18,Classic Happy,Meat,32,False
2024-02-19,Monday,19,Premium Two,Meat,18,False
2024-02-19,Monday,20,Organic Without,Frozen,18,False
2024-02-19,Monday,21,Fresh Against,Meat,10,False
2024-02-19,Monday,22,Premium Simple,Beverages,22,False
2024-02-19,Monday,23,Premium Area,Meat,36,False
2024-02-19,Monday,24,Fresh Air,Beverages,29,False
2024-02-19,Monday,25,Classic We,Meat,31,False
2024-02-19,Monday,26,Classic Outside,Frozen,25,False
2024-02-19,Monday,27,Classic Support,Beverages,5,False
2024-02-19,Monday,28,Premium Represent,Produce,29,False
2024-02-19,Monday,29,Fresh Get,Meat,8,False
2024-02-19,Monday,30,Premium Finish,Meat,39,False
2024-02-19,Monday,31,Premium Machine,Dairy,13,False
2024-02-19,Monday,32,Fresh Rest,Beverages,14,False
2024-02-19,Monday,33,Fresh Economic,Frozen,29,False
2024-02-19,Monday,34,Organic Summer,Frozen,28,False
2024-02-19,Monday,35,Organic Thus,Meat,27,False
2024-02-19,Monday,36,Premium Wrong,Bakery,20,False
2024-02-19,Monday,37,Premium Cause,Dairy,23,False
2024-02-19,Monday,38,Classic Easy,Beverages,33,False
2024-02-19,Monday,39,Fresh Local,Frozen,19,False
2024-02-19,Monday,40,Fresh Customer,Dairy,26,False
2024-02-19,Monday,41,Classic Century,Dairy,36,False
2024-02-19,Monday,42,Fresh Situation,Frozen,7,False
2024-02-19,Monday,43,Fresh Quickly,Beverages,29,False
2024-02-19,Monday,44,Premium Cause,Dairy,8,False
2024-02-19,Monday,45,Organic Leave,Produce,8,False
2024-02-19,Monday,46,Organic Strong,Bakery,16,False
2024-02-19,Monday,47,Fresh Strong,Produce,12,False
2024-02-19,Monday,48,Fresh Newspaper,Produce,8,False
2024-02-19,Monday,49,Fresh Carry,Dairy,7,False
2024-02-19,Monday,50,Premium Catch,Meat,14,False
2024-02-20,Tuesday,1,Fresh Third,Dairy,9,False
2024-02-20,Tuesday,2,Organic Skin,Meat,22,False
2024-02-20,Tuesday,3,Organic Your,Frozen,7,False
2024-02-20,Tuesday,4,Fresh Particularly,Frozen,31,False
2024-02-20,Tuesday,5,Classic South,Dairy,29,False
2024-02-20,Tuesday,6,Premium Project,Dairy,27,False
2024-02-20,Tuesday,7,Fresh Wait,Frozen,23,False
2024-02-20,Tuesday,8,Fresh Drug,Produce,35,False
2024-02-20,Tuesday,9,Organic With,Frozen,24,False
2024-02-20,Tuesday,10,Classic Ago,Beverages,34,False
2024-02-20,Tuesday,11,Organic Lot,Dairy,21,False
2024-02-20,Tuesday,12,Classic Republican,Bakery,29,False
2024-02-20,Tuesday,13,Organic Least,Dairy,10,False
2024-02-20,Tuesday,14,Organic Money,Bakery,22,False
2024-02-20,Tuesday,15,Classic Hundred,Bakery,27,False
2024-02-20,Tuesday,16,Fresh Rich,Produce,40,False
2024-02-20,Tuesday,17,Premium Baby,Frozen,29,False
2024-02-20,Tuesday,18,Classic Happy,Meat,39,False
2024-02-20,Tuesday,19,Premium Two,Meat,23,False
2024-02-20,Tuesday,20,Organic Without,Frozen,30,False
2024-02-20,Tuesday,21,Fresh Against,Meat,11,False
2024-02-20,Tuesday,22,Premium Simple,Beverages,19,False
2024-02-20,Tuesday,23,Premium Area,Meat,29,False
2024-02-20,Tuesday,24,Fresh Air,Beverages,47,False
2024-02-20,Tuesday,25,Classic We,Meat,31,False
2024-02-20,Tuesday,26,Classic Outside,Frozen,16,False
2024-02-20,Tuesday,27,Classic Support,Beverages,6,False
2024-02-20,Tuesday,28,Premium Represent,Produce,42,False
2024-02-20,Tuesday,29,Fresh Get,Meat,8,False
2024-02-20,Tuesday,30,Premium Finish,Meat,40,False
2024-02-20,Tuesday,31,Premium Machine,Dairy,10,False
2024-02-20,Tuesday,32,Fresh Rest,Beverages,18,False
2024-02-20,Tuesday,33,Fresh Economic,Frozen,41,False
2024-02-20,Tuesday,34,Organic Summer,Frozen,22,False
2024-02-20,Tuesday,35,Organic Thus,Meat,28,False
2024-02-20,Tuesday,36,Premium Wrong,Bakery,19,False
2024-02-20,Tuesday,37,Premium Cause,Dairy,25,False
2024-02-20,Tuesday,38,Classic Easy,Beverages,39,False
2024-02-20,Tuesday,39,Fresh Local,Frozen,17,False
2024-02-20,Tuesday,40,Fresh Customer,Dairy,25,False
2024-02-20,Tuesday,41,Classic Century,Dairy,24,False
2024-02-20,Tuesday,42,Fresh Situation,Frozen,5,False
2024-02-20,Tuesday,43,Fresh Quickly,Beverages,32,False
2024-02-20,Tuesday,44,Premium Cause,Dairy,8,False
2024-02-20,Tuesday,45,Organic Leave,Produce,10,False
2024-02-20,Tuesday,46,Organic Strong,Bakery,28,False
2024-02-20,Tuesday,47,Fresh Strong,Produce,15,False
2024-02-20,Tuesday,48,Fresh Newspaper,Produce,9,False
2024-02-20,Tuesday,49,Fresh Carry,Dairy,5,False
2024-02-20,Tuesday,50,Premium Catch,Meat,11,False
2024-02-21,Wednesday,1,Fresh Third,Dairy,12,False
2024-02-21,Wednesday,2,Organic Skin,Meat,21,False
2024-02-21,Wednesday,3,Organic Your,Frozen,7,False
2024-02-21,Wednesday,4,Fresh Particularly,Frozen,31,False
2024-02-21,Wednesday,5,Classic South,Dairy,23,False
2024-02-21,Wednesday,6,Premium Project,Dairy,28,False
2024-02-21,Wednesday,7,Fresh Wait,Frozen,28,False
2024-02-21,Wednesday,8,Fresh Drug,Produce,20,False
2024-02-21,Wednesday,9,Organic With,Frozen,25,False
2024-02-21,Wednesday,10,Classic Ago,Beverages,21,False
2024-02-21,Wednesday,11,Organic Lot,Dairy,20,False
2024-02-21,Wednesday,12,Classic Republican,Bakery,31,False
2024-02-21,Wednesday,13,Organic Least,Dairy,9,False
2024-02-21,Wednesday,14,Organic Money,Bakery,22,False
2024-02-21,Wednesday,15,Classic Hundred,Bakery,22,False
2024-02-21,Wednesday,16,Fresh Rich,Produce,26,False
2024-02-21,Wednesday,17,Premium Baby,Frozen,29,False
2024-02-21,Wednesday,18,Classic Happy,Meat,46,False
2024-02-21,Wednesday,19,Premium Two,Meat,21,False
2024-02-21,Wednesday,20,Organic Without,Frozen,21,False
2024-02-21,Wednesday,21,Fresh Against,Meat,9,False
2024-02-21,Wednesday,22,Premium Simple,Beverages,25,False
2024-02-21,Wednesday,23,Premium Area,Meat,25,False
2024-02-21,Wednesday,24,Fresh Air,Beverages,43,False
2024-02-21,Wednesday,25,Classic We,Meat,44,False
2024-02-21,Wednesday,26,Classic Outside,Frozen,24,False
2024-02-21,Wednesday,27,Classic Support,Beverages,4,False
2024-02-21,Wednesday,28,Premium Represent,Produce,26,False
2024-02-21,Wednesday,29,Fresh Get,Meat,10,False
2024-02-21,Wednesday,30,Premium Finish,Meat,33,False
2024-02-21,Wednesday,31,Premium Machine,Dairy,12,False
2024-02-21,Wednesday,32,Fresh Rest,Beverages,14,False
2024-02-21,Wednesday,33,Fresh Economic,Frozen,32,False
2024-02-21,Wednesday,34,Organic Summer,Frozen,29,False
2024-02-21,Wednesday,35,Organic Thus,Meat,37,False
2024-02-21,Wednesday,36,Premium Wrong,Bakery,21,False
2024-02-21,Wednesday,37,Premium Cause,Dairy,33,False
2024-02-21,Wednesday,38,Classic Easy,Beverages,25,False
2024-02-21,Wednesday,39,Fresh Local,Frozen,19,False
2024-02-21,Wednesday,40,Fresh Customer,Dairy,27,False
2024-02-21,Wednesday,41,Classic Century,Dairy,32,False
2024-02-21,Wednesday,42,Fresh Situation,Frozen,4,False
2024-02-21,Wednesday,43,Fresh Quickly,Beverages,26,False
2024-02-21,Wednesday,44,Premium Cause,Dairy,11,False
2024-02-21,Wednesday,45,Organic Leave,Produce,12,False
2024-02-21,Wednesday,46,Organic Strong,Bakery,26,False
2024-02-21,Wednesday,47,Fresh Strong,Produce,14,False
2024-02-21,Wednesday,48,Fresh Newspaper,Produce,8,False
2024-02-21,Wednesday,49,Fresh Carry,Dairy,7,False
2024-02-21,Wednesday,50,Premium Catch,Meat,11,False
2024-02-22,Thursday,1,Fresh Third,Dairy,9,False
2024-02-22,Thursday,2,Organic Skin,Meat,23,False
2024-02-22,Thursday,3,Organic Your,Frozen,10,False
2024-02-22,Thursday,4,Fresh Particularly,Frozen,19,False
2024-02-22,Thursday,5,Classic South,Dairy,28,False
2024-02-22,Thursday,6,Premium Project,Dairy,35,False
2024-02-22,Thursday,7,Fresh Wait,Frozen,26,False
2024-02-22,Thursday,8,Fresh Drug,Produce,27,False
2024-02-22,Thursday,9,Organic With,Frozen,17,False
2024-02-22,Thursday,10,Classic Ago,Beverages,25,False
2024-02-22,Thursday,11,Organic Lot,Dairy,21,False
2024-02-22,Thursday,12,Classic Republican,Bakery,22,False
2024-02-22,Thursday,13,Organic Least,Dairy,15,False
2024-02-22,Thursday,14,Organic Money,Bakery,19,False
2024-02-22,Thursday,15,Classic Hundred,Bakery,24,False
2024-02-22,Thursday,16,Fresh Rich,Produce,28,False
2024-02-22,Thursday,17,Premium Baby,Frozen,24,False
2024-02-22,Thursday,18,Classic Happy,Meat,29,False
2024-02-22,Thursday,19,Premium Two,Meat,23,False
2024-02-22,Thursday,20,Organic Without,Frozen,23,False
2024-02-22,Thursday,21,Fresh Against,Meat,7,False
2024-02-22,Thursday,22,Premium Simple,Beverages,16,False
2024-02-22,Thursday,23,Premium Area,Meat,34,False
2024-02-22,Thursday,24,Fresh Air,Beverages,27,False
2024-02-22,Thursday,25,Classic We,Meat,48,False
2024-02-22,Thursday,26,Classic Outside,Frozen,19,False
2024-02-22,Thursday,27,Classic Support,Beverages,6,False
2024-02-22,Thursday,28,Premium Represent,Produce,35,False
2024-02-22,Thursday,29,Fresh Get,Meat,13,False
2024-02-22,Thursday,30,Premium Finish,Meat,43,False
2024-02-22,Thursday,31,Premium Machine,Dairy,10,False
2024-02-22,Thursday,32,Fresh Rest,Beverages,18,False
2024-02-22,Thursday,33,Fresh Economic,Frozen,23,False
2024-02-22,Thursday,34,Organic Summer,Frozen,25,False
2024-02-22,Thursday,35,Organic Thus,Meat,40,False
2024-02-22,Thursday,36,Premium Wrong,Bakery,23,False
2024-02-22,Thursday,37,Premium Cause,Dairy,30,False
2024-02-22,Thursday,38,Classic Easy,Beverages,40,False
2024-02-22,Thursday,39,Fresh Local,Frozen,18,False
2024-02-22,Thursday,40,Fresh Customer,Dairy,26,False
2024-02-22,Thursday,41,Classic Century,Dairy,22,False
2024-02-22,Thursday,42,Fresh Situation,Frozen,7,False
2024-02-22,Thursday,43,Fresh Quickly,Beverages,26,False
2024-02-22,Thursday,44,Premium Cause,Dairy,10,False
2024-02-22,Thursday,45,Organic Leave,Produce,12,False
2024-02-22,Thursday,46,Organic Strong,Bakery,20,False
2024-02-22,Thursday,47,Fresh Strong,Produce,19,False
2024-02-22,Thursday,48,Fresh Newspaper,Produce,8,False
2024-02-22,Thursday,49,Fresh Carry,Dairy,6,False
2024-02-22,Thursday,50,Premium Catch,Meat,12,False
2024-02-23,Friday,1,Fresh Third,Dairy,9,False
2024-02-23,Friday,2,Organic Skin,Meat,22,False
2024-02-23,Friday,3,Organic Your,Frozen,9,False
2024-02-23,Friday,4,Fresh Particularly,Frozen,31,False
2024-02-23,Friday,5,Classic South,Dairy,19,False
2024-02-23,Friday,6,Premium Project,Dairy,29,False
2024-02-23,Friday,7,Fresh Wait,Frozen,26,False
2024-02-23,Friday,8,Fresh Drug,Produce,34,False
2024-02-23,Friday,9,Organic With,Frozen,26,False
2024-02-23,Friday,10,Classic Ago,Beverages,33,False
2024-02-23,Friday,11,Organic Lot,Dairy,20,False
2024-02-23,Friday,12,Classic Republican,Bakery,29,False
2024-02-23,Friday,13,Organic Least,Dairy,16,False
2024-02-23,Friday,14,Organic Money,Bakery,23,False
2024-02-23,Friday,15,Classic Hundred,Bakery,19,False
2024-02-23,Friday,16,Fresh Rich,Produce,29,False
2024-02-23,Friday,17,Premium Baby,Frozen,31,False
2024-02-23,Friday,18,Classic Happy,Meat,48,False
2024-02-23,Friday,19,Premium Two,Meat,22,False
2024-02-23,Friday,20,Organic Without,Frozen,30,False
2024-02-23,Friday,21,Fresh Against,Meat,10,False
2024-02-23,Friday,22,Premium Simple,Beverages,27,False
2024-02-23,Friday,23,Premium Area,Meat,24,False
2024-02-23,Friday,24,Fresh Air,Beverages,45,False
2024-02-23,Friday,25,Classic We,Meat,29,False
2024-02-23,Friday,26,Classic Outside,Frozen,17,False
2024-02-23,Friday,27,Classic Support,Beverages,6,False
2024-02-23,Friday,28,Premium Represent,Produce,39,False
2024-02-23,Friday,29,Fresh Get,Meat,11,False
2024-02-23,Friday,30,Premium Finish,Meat,36,False
2024-02-23,Friday,31,Premium Machine,Dairy,9,False
2024-02-23,Friday,32,Fresh Rest,Beverages,16,False
2024-02-23,Friday,33,Fresh Economic,Frozen,27,False
2024-02-23,Friday,34,Organic Summer,Frozen,23,False
2024-02-23,Friday,35,Organic Thus,Meat,41,False
2024-02-23,Friday,36,Premium Wrong,Bakery,16,False
2024-02-23,Friday,37,Premium Cause,Dairy,25,False
2024-02-23,Friday,38,Classic Easy,Beverages,27,False
2024-02-23,Friday,39,Fresh Local,Frozen,12,False
2024-02-23,Friday,40,Fresh Customer,Dairy,27,False
2024-02-23,Friday,41,Classic Century,Dairy,36,False
2024-02-23,Friday,42,Fresh Situation,Frozen,6,False
2024-02-23,Friday,43,Fresh Quickly,Beverages,42,False
2024-02-23,Friday,44,Premium Cause,Dairy,13,False
2024-02-23,Friday,45,Organic Leave,Produce,13,False
2024-02-23,Friday,46,Organic Strong,Bakery,23,False
2024-02-23,Friday,47,Fresh Strong,Produce,22,False
2024-02-23,Friday,48,Fresh Newspaper,Produce,10,False
2024-02-23,Friday,49,Fresh Carry,Dairy,8,False
2024-02-23,Friday,50,Premium Catch,Meat,14,False
2024-02-24,Saturday,1,Fresh Third,Dairy,24,True
2024-02-24,Saturday,2,Organic Skin,Meat,29,True
2024-02-24,Saturday,3,Organic Your,Frozen,16,True
2024-02-24,Saturday,4,Fresh Particularly,Frozen,34,True
2024-02-24,Saturday,5,Classic South,Dairy,39,True
2024-02-24,Saturday,6,Premium Project,Dairy,52,True
2024-02-24,Saturday,7,Fresh Wait,Frozen,44,True
2024-02-24,Saturday,8,Fresh Drug,Produce,56,True
2024-02-24,Saturday,9,Organic With,Frozen,69,True
2024-02-24,Saturday,10,Classic Ago,Beverages,44,True
2024-02-24,Saturday,11,Organic Lot,Dairy,21,True
2024-02-24,Saturday,12,Classic Republican,Bakery,57,True
2024-02-24,Saturday,13,Organic Least,Dairy,20,True
2024-02-24,Saturday,14,Organic Money,Bakery,51,True
2024-02-24,Saturday,15,Classic Hundred,Bakery,49,True
2024-02-24,Saturday,16,Fresh Rich,Produce,79,True
2024-02-24,Saturday,17,Premium Baby,Frozen,79,True
2024-02-24,Saturday,18,Classic Happy,Meat,57,True
2024-02-24,Saturday,19,Premium Two,Meat,27,True
2024-02-24,Saturday,20,Organic Without,Frozen,43,True
2024-02-24,Saturday,21,Fresh Against,Meat,23,True
2024-02-24,Saturday,22,Premium Simple,Beverages,39,True
2024-02-24,Saturday,23,Premium Area,Meat,83,True
2024-02-24,Saturday,24,Fresh Air,Beverages,69,True
2024-02-24,Saturday,25,Classic We,Meat,76,True
2024-02-24,Saturday,26,Classic Outside,Frozen,45,True
2024-02-24,Saturday,27,Classic Support,Beverages,7,True
2024-02-24,Saturday,28,Premium Represent,Produce,85,True
2024-02-24,Saturday,29,Fresh Get,Meat,27,True
2024-02-24,Saturday,30,Premium Finish,Meat,48,True
2024-02-24,Saturday,31,Premium Machine,Dairy,26,True
2024-02-24,Saturday,32,Fresh Rest,Beverages,22,True
2024-02-24,Saturday,33,Fresh Economic,Frozen,72,True
2024-02-24,Saturday,34,Organic Summer,Frozen,28,True
2024-02-24,Saturday,35,Organic Thus,Meat,56,True
2024-02-24,Saturday,36,Premium Wrong,Bakery,28,True
2024-02-24,Saturday,37,Premium Cause,Dairy,45,True
2024-02-24,Saturday,38,Classic Easy,Beverages,75,True
2024-02-24,Saturday,39,Fresh Local,Frozen,43,True
2024-02-24,Saturday,40,Fresh Customer,Dairy,48,True
2024-02-24,Saturday,41,Classic Century,Dairy,42,True
2024-02-24,Saturday,42,Fresh Situation,Frozen,17,True
2024-02-24,Saturday,43,Fresh Quickly,Beverages,68,True
2024-02-24,Saturday,44,Premium Cause,Dairy,19,True
2024-02-24,Saturday,45,Organic Leave,Produce,23,True
2024-02-24,Saturday,46,Organic Strong,Bakery,44,True
2024-02-24,Saturday,47,Fresh Strong,Produce,51,True
2024-02-24,Saturday,48,Fresh Newspaper,Produce,13,True
2024-02-24,Saturday,49,Fresh Carry,Dairy,9,True
2024-02-24,Saturday,50,Premium Catch,Meat,19,True
2024-02-25,Sunday,1,Fresh Third,Dairy,16,True
2024-02-25,Sunday,2,Organic Skin,Meat,36,True
2024-02-25,Sunday,3,Organic Your,Frozen,22,True
2024-02-25,Sunday,4,Fresh Particularly,Frozen,49,True
2024-02-25,Sunday,5,Classic South,Dairy,38,True
2024-02-25,Sunday,6,Premium Project,Dairy,59,True
2024-02-25,Sunday,7,Fresh Wait,Frozen,37,True
2024-02-25,Sunday,8,Fresh Drug,Produce,45,True
2024-02-25,Sunday,9,Organic With,Frozen,70,True
2024-02-25,Sunday,10,Classic Ago,Beverages,44,True
2024-02-25,Sunday,11,Organic Lot,Dairy,34,True
2024-02-25,Sunday,12,Classic Republican,Bakery,60,True
2024-02-25,Sunday,13,Organic Least,Dairy,11,True
2024-02-25,Sunday,14,Organic Money,Bakery,50,True
2024-02-25,Sunday,15,Classic Hundred,Bakery,43,True
2024-02-25,Sunday,16,Fresh Rich,Produce,61,True
2024-02-25,Sunday,17,Premium Baby,Frozen,54,True
2024-02-25,Sunday,18,Classic Happy,Meat,52,True
2024-02-25,Sunday,19,Premium Two,Meat,27,True
2024-02-25,Sunday,20,Organic Without,Frozen,48,True
2024-02-25,Sunday,21,Fresh Against,Meat,16,True
2024-02-25,Sunday,22,Premium Simple,Beverages,37,True
2024-02-25,Sunday,23,Premium Area,Meat,58,True
2024-02-25,Sunday,24,Fresh Air,Beverages,54,True
2024-02-25,Sunday,25,Classic We,Meat,43,True
2024-02-25,Sunday,26,Classic Outside,Frozen,36,True
2024-02-25,Sunday,27,Classic Support,Beverages,8,True
2024-02-25,Sunday,28,Premium Represent,Produce,85,True
2024-02-25,Sunday,29,Fresh Get,Meat,24,True
2024-02-25,Sunday,30,Premium Finish,Meat,60,True
2024-02-25,Sunday,31,Premium Machine,Dairy,20,True
2024-02-25,Sunday,32,Fresh Rest,Beverages,27,True
2024-02-25,Sunday,33,Fresh Economic,Frozen,89,True
2024-02-25,Sunday,34,Organic Summer,Frozen,41,True
2024-02-25,Sunday,35,Organic Thus,Meat,67,True
2024-02-25,Sunday,36,Premium Wrong,Bakery,27,True
2024-02-25,Sunday,37,Premium Cause,Dairy,55,True
2024-02-25,Sunday,38,Classic Easy,Beverages,53,True
2024-02-25,Sunday,39,Fresh Local,Frozen,37,True
2024-02-25,Sunday,40,Fresh Customer,Dairy,52,True
2024-02-25,Sunday,41,Classic Century,Dairy,52,True
2024-02-25,Sunday,42,Fresh Situation,Frozen,13,True
2024-02-25,Sunday,43,Fresh Quickly,Beverages,49,True
2024-02-25,Sunday,44,Premium Cause,Dairy,14,True
2024-02-25,Sunday,45,Organic Leave,Produce,24,True
2024-02-25,Sunday,46,Organic Strong,Bakery,46,True
2024-02-25,Sunday,47,Fresh Strong,Produce,30,True
2024-02-25,Sunday,48,Fresh Newspaper,Produce,15,True
2024-02-25,Sunday,49,Fresh Carry,Dairy,13,True
2024-02-25,Sunday,50,Premium Catch,Meat,15,True
2024-02-26,Monday,1,Fresh Third,Dairy,7,False
2024-02-26,Monday,2,Organic Skin,Meat,14,False
2024-02-26,Monday,3,Organic Your,Frozen,9,False
2024-02-26,Monday,4,Fresh Particularly,Frozen,22,False
2024-02-26,Monday,5,Classic South,Dairy,31,False
2024-02-26,Monday,6,Premium Project,Dairy,32,False
2024-02-26,Monday,7,Fresh Wait,Frozen,22,False
2024-02-26,Monday,8,Fresh Drug,Produce,28,False
2024-02-26,Monday,9,Organic With,Frozen,25,False
2024-02-26,Monday,10,Classic Ago,Beverages,21,False
2024-02-26,Monday,11,Organic Lot,Dairy,14,False
2024-02-26,Monday,12,Classic Republican,Bakery,29,False
2024-02-26,Monday,13,Organic Least,Dairy,11,False
2024-02-26,Monday,14,Organic Money,Bakery,16,False
2024-02-26,Monday,15,Classic Hundred,Bakery,19,False
2024-02-26,Monday,16,Fresh Rich,Produce,29,False
2024-02-26,Monday,17,Premium Baby,Frozen,30,False
2024-02-26,Monday,18,Classic Happy,Meat,38,False
2024-02-26,Monday,19,Premium Two,Meat,18,False
2024-02-26,Monday,20,Organic Without,Frozen,31,False
2024-02-26,Monday,21,Fresh Against,Meat,8,False
2024-02-26,Monday,22,Premium Simple,Beverages,26,False
2024-02-26,Monday,23,Premium Area,Meat,30,False
2024-02-26,Monday,24,Fresh Air,Beverages,29,False
2024-02-26,Monday,25,Classic We,Meat,47,False
2024-02-26,Monday,26,Classic Outside,Frozen,16,False
2024-02-26,Monday,27,Classic Support,Beverages,6,False
2024-02-26,Monday,28,Premium Represent,Produce,27,False
2024-02-26,Monday,29,Fresh Get,Meat,11,False
2024-02-26,Monday,30,Premium Finish,Meat,26,False
2024-02-26,Monday,31,Premium Machine,Dairy,16,False
2024-02-26,Monday,32,Fresh Rest,Beverages,17,False
2024-02-26,Monday,33,Fresh Economic,Frozen,28,False
2024-02-26,Monday,34,Organic Summer,Frozen,18,False
2024-02-26,Monday,35,Organic Thus,Meat,35,False
2024-02-26,Monday,36,Premium Wrong,Bakery,20,False
2024-02-26,Monday,37,Premium Cause,Dairy,25,False
2024-02-26,Monday,38,Classic Easy,Beverages,39,False
2024-02-26,Monday,39,Fresh Local,Frozen,16,False
2024-02-26,Monday,40,Fresh Customer,Dairy,16,False
2024-02-26,Monday,41,Classic Century,Dairy,25,False
2024-02-26,Monday,42,Fresh Situation,Frozen,4,False
2024-02-26,Monday,43,Fresh Quickly,Beverages,28,False
2024-02-26,Monday,44,Premium Cause,Dairy,13,False
2024-02-26,Monday,45,Organic Leave,Produce,8,False
2024-02-26,Monday,46,Organic Strong,Bakery,27,False
2024-02-26,Monday,47,Fresh Strong,Produce,21,False
2024-02-26,Monday,48,Fresh Newspaper,Produce,8,False
2024-02-26,Monday,49,Fresh Carry,Dairy,8,False
2024-02-26,Monday,50,Premium Catch,Meat,9,False
2024-02-27,Tuesday,1,Fresh Third,Dairy,7,False
2024-02-27,Tuesday,2,Organic Skin,Meat,17,False
2024-02-27,Tuesday,3,Organic Your,Frozen,8,False
2024-02-27,Tuesday,4,Fresh Particularly,Frozen,30,False
2024-02-27,Tuesday,5,Classic South,Dairy,20,False
2024-02-27,Tuesday,6,Premium Project,Dairy,24,False
2024-02-27,Tuesday,7,Fresh Wait,Frozen,31,False
2024-02-27,Tuesday,8,Fresh Drug,Produce,29,False
2024-02-27,Tuesday,9,Organic With,Frozen,27,False
2024-02-27,Tuesday,10,Classic Ago,Beverages,32,False
2024-02-27,Tuesday,11,Organic Lot,Dairy,18,False
2024-02-27,Tuesday,12,Classic Republican,Bakery,34,False
2024-02-27,Tuesday,13,Organic Least,Dairy,13,False
2024-02-27,Tuesday,14,Organic Money,Bakery,24,False
2024-02-27,Tuesday,15,Classic Hundred,Bakery,29,False
2024-02-27,Tuesday,16,Fresh Rich,Produce,43,False
2024-02-27,Tuesday,17,Premium Baby,Frozen,39,False
2024-02-27,Tuesday,18,Classic Happy,Meat,31,False
2024-02-27,Tuesday,19,Premium Two,Meat,22,False
2024-02-27,Tuesday,20,Organic Without,Frozen,25,False
2024-02-27,Tuesday,21,Fresh Against,Meat,11,False
2024-02-27,Tuesday,22,Premium Simple,Beverages,18,False
2024-02-27,Tuesday,23,Premium Area,Meat,23,False
2024-02-27,Tuesday,24,Fresh Air,Beverages,38,False
2024-02-27,Tuesday,25,Classic We,Meat,36,False
2024-02-27,Tuesday,26,Classic Outside,Frozen,22,False
2024-02-27,Tuesday,27,Classic Support,Beverages,5,False
2024-02-27,Tuesday,28,Premium Represent,Produce,38,False
2024-02-27,Tuesday,29,Fresh Get,Meat,13,False
2024-02-27,Tuesday,30,Premium Finish,Meat,37,False
2024-02-27,Tuesday,31,Premium Machine,Dairy,15,False
2024-02-27,Tuesday,32,Fresh Rest,Beverages,16,False
2024-02-27,Tuesday,33,Fresh Economic,Frozen,38,False
2024-02-27,Tuesday,34,Organic Summer,Frozen,28,False
2024-02-27,Tuesday,35,Organic Thus,Meat,45,False
2024-02-27,Tuesday,36,Premium Wrong,Bakery,20,False
2024-02-27,Tuesday,37,Premium Cause,Dairy,24,False
2024-02-27,Tuesday,38,Classic Easy,Beverages,35,False
2024-02-27,Tuesday,39,Fresh Local,Frozen,19,False
2024-02-27,Tuesday,40,Fresh Customer,Dairy,25,False
2024-02-27,Tuesday,41,Classic Century,Dairy,28,False
2024-02-27,Tuesday,42,Fresh Situation,Frozen,7,False
2024-02-27,Tuesday,43,Fresh Quickly,Beverages,26,False
2024-02-27,Tuesday,44,Premium Cause,Dairy,8,False
2024-02-27,Tuesday,45,Organic Leave,Produce,11,False
2024-02-27,Tuesday,46,Organic Strong,Bakery,15,False
2024-02-27,Tuesday,47,Fresh Strong,Produce,16,False
2024-02-27,Tuesday,48,Fresh Newspaper,Produce,12,False
2024-02-27,Tuesday,49,Fresh Carry,Dairy,8,False
2024-02-27,Tuesday,50,Premium Catch,Meat,14,False
2024-02-28,Wednesday,1,Fresh Third,Dairy,10,False
2024-02-28,Wednesday,2,Organic Skin,Meat,16,False
2024-02-28,Wednesday,3,Organic Your,Frozen,9,False
2024-02-28,Wednesday,4,Fresh Particularly,Frozen,31,False
2024-02-28,Wednesday,5,Classic South,Dairy,26,False
2024-02-28,Wednesday,6,Premium Project,Dairy,23,False
2024-02-28,Wednesday,7,Fresh Wait,Frozen,32,False
2024-02-28,Wednesday,8,Fresh Drug,Produce,27,False
2024-02-28,Wednesday,9,Organic With,Frozen,23,False
2024-02-28,Wednesday,10,Classic Ago,Beverages,33,False
2024-02-28,Wednesday,11,Organic Lot,Dairy,20,False
2024-02-28,Wednesday,12,Classic Republican,Bakery,24,False
2024-02-28,Wednesday,13,Organic Least,Dairy,14,False
2024-02-28,Wednesday,14,Organic Money,Bakery,21,False
2024-02-28,Wednesday,15,Classic Hundred,Bakery,29,False
2024-02-28,Wednesday,16,Fresh Rich,Produce,28,False
2024-02-28,Wednesday,17,Premium Baby,Frozen,27,False
2024-02-28,Wednesday,18,Classic Happy,Meat,48,False
2024-02-28,Wednesday,19,Premium Two,Meat,18,False
2024-02-28,Wednesday,20,Organic Without,Frozen,24,False
2024-02-28,Wednesday,21,Fresh Against,Meat,9,False
2024-02-28,Wednesday,22,Premium Simple,Beverages,21,False
2024-02-28,Wednesday,23,Premium Area,Meat,22,False
2024-02-28,Wednesday,24,Fresh Air,Beverages,42,False
2024-02-28,Wednesday,25,Classic We,Meat,33,False
2024-02-28,Wednesday,26,Classic Outside,Frozen,14,False
2024-02-28,Wednesday,27,Classic Support,Beverages,4,False
2024-02-28,Wednesday,28,Premium Represent,Produce,34,False
2024-02-28,Wednesday,29,Fresh Get,Meat,9,False
2024-02-28,Wednesday,30,Premium Finish,Meat,38,False
2024-02-28,Wednesday,31,Premium Machine,Dairy,9,False
2024-02-28,Wednesday,32,Fresh Rest,Beverages,12,False
2024-02-28,Wednesday,33,Fresh Economic,Frozen,41,False
2024-02-28,Wednesday,34,Organic Summer,Frozen,31,False
2024-02-28,Wednesday,35,Organic Thus,Meat,46,False
2024-02-28,Wednesday,36,Premium Wrong,Bakery,18,False
2024-02-28,Wednesday,37,Premium Cause,Dairy,29,False
2024-02-28,Wednesday,38,Classic Easy,Beverages,23,False
2024-02-28,Wednesday,39,Fresh Local,Frozen,20,False
2024-02-28,Wednesday,40,Fresh Customer,Dairy,25,False
2024-02-28,Wednesday,41,Classic Century,Dairy,36,False
2024-02-28,Wednesday,42,Fresh Situation,Frozen,7,False
2024-02-28,Wednesday,43,Fresh Quickly,Beverages,35,False
2024-02-28,Wednesday,44,Premium Cause,Dairy,9,False
2024-02-28,Wednesday,45,Organic Leave,Produce,7,False
2024-02-28,Wednesday,46,Organic Strong,Bakery,23,False
2024-02-28,Wednesday,47,Fresh Strong,Produce,15,False
2024-02-28,Wednesday,48,Fresh Newspaper,Produce,10,False
2024-02-28,Wednesday,49,Fresh Carry,Dairy,7,False
2024-02-28,Wednesday,50,Premium Catch,Meat,11,False
2024-02-29,Thursday,1,Fresh Third,Dairy,12,False
2024-02-29,Thursday,2,Organic Skin,Meat,20,False
2024-02-29,Thursday,3,Organic Your,Frozen,7,False
2024-02-29,Thursday,4,Fresh Particularly,Frozen,24,False
2024-02-29,Thursday,5,Classic South,Dairy,26,False
2024-02-29,Thursday,6,Premium Project,Dairy,36,False
2024-02-29,Thursday,7,Fresh Wait,Frozen,32,False
2024-02-29,Thursday,8,Fresh Drug,Produce,30,False
2024-02-29,Thursday,9,Organic With,Frozen,24,False
2024-02-29,Thursday,10,Classic Ago,Beverages,22,False
2024-02-29,Thursday,11,Organic Lot,Dairy,13,False
2024-02-29,Thursday,12,Classic Republican,Bakery,29,False
2024-02-29,Thursday,13,Organic Least,Dairy,13,False
2024-02-29,Thursday,14,Organic Money,Bakery,16,False
2024-02-29,Thursday,15,Classic Hundred,Bakery,20,False
2024-02-29,Thursday,16,Fresh Rich,Produce,43,False
2024-02-29,Thursday,17,Premium Baby,Frozen,25,False
2024-02-29,Thursday,18,Classic Happy,Meat,44,False
2024-02-29,Thursday,19,Premium Two,Meat,23,False
2024-02-29,Thursday,20,Organic Without,Frozen,27,False
2024-02-29,Thursday,21,Fresh Against,Meat,12,False
2024-02-29,Thursday,22,Premium Simple,Beverages,20,False
2024-02-29,Thursday,23,Premium Area,Meat,36,False
2024-02-29,Thursday,24,Fresh Air,Beverages,33,False
2024-02-29,Thursday,25,Classic We,Meat,44,False
2024-02-29,Thursday,26,Classic Outside,Frozen,17,False
2024-02-29,Thursday,27,Classic Support,Beverages,5,False
2024-02-29,Thursday,28,Premium Represent,Produce,24,False
2024-02-29,Thursday,29,Fresh Get,Meat,10,False
2024-02-29,Thursday,30,Premium Finish,Meat,36,False
2024-02-29,Thursday,31,Premium Machine,Dairy,14,False
2024-02-29,Thursday,32,Fresh Rest,Beverages,13,False
2024-02-29,Thursday,33,Fresh Economic,Frozen,39,False
2024-02-29,Thursday,34,Organic Summer,Frozen,19,False
2024-02-29,Thursday,35,Organic Thus,Meat,36,False
2024-02-29,Thursday,36,Premium Wrong,Bakery,18,False
2024-02-29,Thursday,37,Premium Cause,Dairy,23,False
2024-02-29,Thursday,38,Classic Easy,Beverages,41,False
2024-02-29,Thursday,39,Fresh Local,Frozen,16,False
2024-02-29,Thursday,40,Fresh Customer,Dairy,21,False
2024-02-29,Thursday,41,Classic Century,Dairy,37,False
2024-02-29,Thursday,42,Fresh Situation,Frozen,7,False
2024-02-29,Thursday,43,Fresh Quickly,Beverages,26,False
2024-02-29,Thursday,44,Premium Cause,Dairy,12,False
2024-02-29,Thursday,45,Organic Leave,Produce,8,False
2024-02-29,Thursday,46,Organic Strong,Bakery,23,False
2024-02-29,Thursday,47,Fresh Strong,Produce,22,False
2024-02-29,Thursday,48,Fresh Newspaper,Produce,9,False
2024-02-29,Thursday,49,Fresh Carry,Dairy,5,False
2024-02-29,Thursday,50,Premium Catch,Meat,9,False
2024-03-01,Friday,1,Fresh Third,Dairy,10,False
2024-03-01,Friday,2,Organic Skin,Meat,18,False
2024-03-01,Friday,3,Organic Your,Frozen,8,False
2024-03-01,Friday,4,Fresh Particularly,Frozen,33,False
2024-03-01,Friday,5,Classic South,Dairy,22,False
2024-03-01,Friday,6,Premium Project,Dairy,24,False
2024-03-01,Friday,7,Fresh Wait,Frozen,32,False
2024-03-01,Friday,8,Fresh Drug,Produce,27,False
2024-03-01,Friday,9,Organic With,Frozen,26,False
2024-03-01,Friday,10,Classic Ago,Beverages,26,False
2024-03-01,Friday,11,Organic Lot,Dairy,19,False
2024-03-01,Friday,12,Classic Republican,Bakery,38,False
2024-03-01,Friday,13,Organic Least,Dairy,15,False
2024-03-01,Friday,14,Organic Money,Bakery,21,False
2024-03-01,Friday,15,Classic Hundred,Bakery,24,False
2024-03-01,Friday,16,Fresh Rich,Produce,37,False
2024-03-01,Friday,17,Premium Baby,Frozen,39,False
2024-03-01,Friday,18,Classic Happy,Meat,45,False
2024-03-01,Friday,19,Premium Two,Meat,18,False
2024-03-01,Friday,20,Organic Without,Frozen,17,False
2024-03-01,Friday,21,Fresh Against,Meat,7,False
2024-03-01,Friday,22,Premium Simple,Beverages,20,False
2024-03-01,Friday,23,Premium Area,Meat,22,False
2024-03-01,Friday,24,Fresh Air,Beverages,33,False
2024-03-01,Friday,25,Classic We,Meat,34,False
2024-03-01,Friday,26,Classic Outside,Frozen,16,False
2024-03-01,Friday,27,Classic Support,Beverages,5,False
2024-03-01,Friday,28,Premium Represent,Produce,34,False
2024-03-01,Friday,29,Fresh Get,Meat,11,False
2024-03-01,Friday,30,Premium Finish,Meat,32,False
2024-03-01,Friday,31,Premium Machine,Dairy,11,False
2024-03-01,Friday,32,Fresh Rest,Beverages,15,False
2024-03-01,Friday,33,Fresh Economic,Frozen,26,False
2024-03-01,Friday,34,Organic Summer,Frozen,25,False
2024-03-01,Friday,35,Organic Thus,Meat,47,False
2024-03-01,Friday,36,Premium Wrong,Bakery,15,False
2024-03-01,Friday,37,Premium Cause,Dairy,34,False
2024-03-01,Friday,38,Classic Easy,Beverages,40,False
2024-03-01,Friday,39,Fresh Local,Frozen,14,False
2024-03-01,Friday,40,Fresh Customer,Dairy,26,False
2024-03-01,Friday,41,Classic Century,Dairy,28,False
2024-03-01,Friday,42,Fresh Situation,Frozen,5,False
2024-03-01,Friday,43,Fresh Quickly,Beverages,34,False
2024-03-01,Friday,44,Premium Cause,Dairy,10,False
2024-03-01,Friday,45,Organic Leave,Produce,9,False
2024-03-01,Friday,46,Organic Strong,Bakery,27,False
2024-03-01,Friday,47,Fresh Strong,Produce,12,False
2024-03-01,Friday,48,Fresh Newspaper,Produce,12,False
2024-03-01,Friday,49,Fresh Carry,Dairy,5,False
2024-03-01,Friday,50,Premium Catch,Meat,12,False
2024-03-02,Saturday,1,Fresh Third,Dairy,28,True
2024-03-02,Saturday,2,Organic Skin,Meat,42,True
2024-03-02,Saturday,3,Organic Your,Frozen,17,True
2024-03-02,Saturday,4,Fresh Particularly,Frozen,50,True
2024-03-02,Saturday,5,Classic South,Dairy,31,True
2024-03-02,Saturday,6,Premium Project,Dairy,43,True
2024-03-02,Saturday,7,Fresh Wait,Frozen,36,True
2024-03-02,Saturday,8,Fresh Drug,Produce,55,True
2024-03-02,Saturday,9,Organic With,Frozen,39,True
2024-03-02,Saturday,10,Classic Ago,Beverages,41,True
2024-03-02,Saturday,11,Organic Lot,Dairy,32,True
2024-03-02,Saturday,12,Classic Republican,Bakery,65,True
2024-03-02,Saturday,13,Organic Least,Dairy,19,True
2024-03-02,Saturday,14,Organic Money,Bakery,45,True
2024-03-02,Saturday,15,Classic Hundred,Bakery,42,True
2024-03-02,Saturday,16,Fresh Rich,Produce,56,True
2024-03-02,Saturday,17,Premium Baby,Frozen,56,True
2024-03-02,Saturday,18,Classic Happy,Meat,40,True
2024-03-02,Saturday,19,Premium Two,Meat,19,True
2024-03-02,Saturday,20,Organic Without,Frozen,38,True
2024-03-02,Saturday,21,Fresh Against,Meat,22,True
2024-03-02,Saturday,22,Premium Simple,Beverages,24,True
2024-03-02,Saturday,23,Premium Area,Meat,60,True
2024-03-02,Saturday,24,Fresh Air,Beverages,84,True
2024-03-02,Saturday,25,Classic We,Meat,56,True
2024-03-02,Saturday,26,Classic Outside,Frozen,42,True
2024-03-02,Saturday,27,Classic Support,Beverages,5,True
2024-03-02,Saturday,28,Premium Represent,Produce,58,True
2024-03-02,Saturday,29,Fresh Get,Meat,36,True
2024-03-02,Saturday,30,Premium Finish,Meat,56,True
2024-03-02,Saturday,31,Premium Machine,Dairy,23,True
2024-03-02,Saturday,32,Fresh Rest,Beverages,21,True
2024-03-02,Saturday,33,Fresh Economic,Frozen,65,True
2024-03-02,Saturday,34,Organic Summer,Frozen,43,True
2024-03-02,Saturday,35,Organic Thus,Meat,96,True
2024-03-02,Saturday,36,Premium Wrong,Bakery,31,True
2024-03-02,Saturday,37,Premium Cause,Dairy,48,True
2024-03-02,Saturday,38,Classic Easy,Beverages,67,True
2024-03-02,Saturday,39,Fresh Local,Frozen,31,True
2024-03-02,Saturday,40,Fresh Customer,Dairy,33,True
2024-03-02,Saturday,41,Classic Century,Dairy,64,True
2024-03-02,Saturday,42,Fresh Situation,Frozen,14,True
2024-03-02,Saturday,43,Fresh Quickly,Beverages,51,True
2024-03-02,Saturday,44,Premium Cause,Dairy,20,True
2024-03-02,Saturday,45,Organic Leave,Produce,14,True
2024-03-02,Saturday,46,Organic Strong,Bakery,46,True
2024-03-02,Saturday,47,Fresh Strong,Produce,36,True
2024-03-02,Saturday,48,Fresh Newspaper,Produce,16,True
2024-03-02,Saturday,49,Fresh Carry,Dairy,11,True
2024-03-02,Saturday,50,Premium Catch,Meat,16,True
2024-03-03,Sunday,1,Fresh Third,Dairy,21,True
2024-03-03,Sunday,2,Organic Skin,Meat,36,True
2024-03-03,Sunday,3,Organic Your,Frozen,22,True
2024-03-03,Sunday,4,Fresh Particularly,Frozen,46,True
2024-03-03,Sunday,5,Classic South,Dairy,33,True
2024-03-03,Sunday,6,Premium Project,Dairy,37,True
2024-03-03,Sunday,7,Fresh Wait,Frozen,37,True
2024-03-03,Sunday,8,Fresh Drug,Produce,53,True
2024-03-03,Sunday,9,Organic With,Frozen,45,True
2024-03-03,Sunday,10,Classic Ago,Beverages,44,True
2024-03-03,Sunday,11,Organic Lot,Dairy,34,True
2024-03-03,Sunday,12,Classic Republican,Bakery,65,True
2024-03-03,Sunday,13,Organic Least,Dairy,19,True
2024-03-03,Sunday,14,Organic Money,Bakery,36,True
2024-03-03,Sunday,15,Classic Hundred,Bakery,54,True
2024-03-03,Sunday,16,Fresh Rich,Produce,88,True
2024-03-03,Sunday,17,Premium Baby,Frozen,72,True
2024-03-03,Sunday,18,Classic Happy,Meat,47,True
2024-03-03,Sunday,19,Premium Two,Meat,18,True
2024-03-03,Sunday,20,Organic Without,Frozen,58,True
2024-03-03,Sunday,21,Fresh Against,Meat,28,True
2024-03-03,Sunday,22,Premium Simple,Beverages,32,True
2024-03-03,Sunday,23,Premium Area,Meat,62,True
2024-03-03,Sunday,24,Fresh Air,Beverages,75,True
2024-03-03,Sunday,25,Classic We,Meat,74,True
2024-03-03,Sunday,26,Classic Outside,Frozen,51,True
2024-03-03,Sunday,27,Classic Support,Beverages,9,True
2024-03-03,Sunday,28,Premium Represent,Produce,93,True
2024-03-03,Sunday,29,Fresh Get,Meat,32,True
2024-03-03,Sunday,30,Premium Finish,Meat,68,True
2024-03-03,Sunday,31,Premium Machine,Dairy,18,True
2024-03-03,Sunday,32,Fresh Rest,Beverages,20,True
2024-03-03,Sunday,33,Fresh Economic,Frozen,66,True
2024-03-03,Sunday,34,Organic Summer,Frozen,36,True
2024-03-03,Sunday,35,Organic Thus,Meat,81,True
2024-03-03,Sunday,36,Premium Wrong,Bakery,32,True
2024-03-03,Sunday,37,Premium Cause,Dairy,49,True
2024-03-03,Sunday,38,Classic Easy,Beverages,45,True
2024-03-03,Sunday,39,Fresh Local,Frozen,38,True
2024-03-03,Sunday,40,Fresh Customer,Dairy,41,True
2024-03-03,Sunday,41,Classic Century,Dairy,47,True
2024-03-03,Sunday,42,Fresh Situation,Frozen,16,True
2024-03-03,Sunday,43,Fresh Quickly,Beverages,69,True
2024-03-03,Sunday,44,Premium Cause,Dairy,14,True
2024-03-03,Sunday,45,Organic Leave,Produce,18,True
2024-03-03,Sunday,46,Organic Strong,Bakery,50,True
2024-03-03,Sunday,47,Fresh Strong,Produce,36,True
2024-03-03,Sunday,48,Fresh Newspaper,Produce,17,True
2024-03-03,Sunday,49,Fresh Carry,Dairy,9,True
2024-03-03,Sunday,50,Premium Catch,Meat,14,True
2024-03-04,Monday,1,Fresh Third,Dairy,7,False
2024-03-04,Monday,2,Organic Skin,Meat,23,False
2024-03-04,Monday,3,Organic Your,Frozen,9,False
2024-03-04,Monday,4,Fresh Particularly,Frozen,32,False
2024-03-04,Monday,5,Classic South,Dairy,24,False
2024-03-04,Monday,6,Premium Project,Dairy,27,False
2024-03-04,Monday,7,Fresh Wait,Frozen,24,False
2024-03-04,Monday,8,Fresh Drug,Produce,20,False
2024-03-04,Monday,9,Organic With,Frozen,25,False
2024-03-04,Monday,10,Classic Ago,Beverages,23,False
2024-03-04,Monday,11,Organic Lot,Dairy,24,False
2024-03-04,Monday,12,Classic Republican,Bakery,35,False
2024-03-04,Monday,13,Organic Least,Dairy,12,False
2024-03-04,Monday,14,Organic Money,Bakery,24,False
2024-03-04,Monday,15,Classic Hundred,Bakery,21,False
2024-03-04,Monday,16,Fresh Rich,Produce,34,False
2024-03-04,Monday,17,Premium Baby,Frozen,39,False
2024-03-04,Monday,18,Classic Happy,Meat,37,False
2024-03-04,Monday,19,Premium Two,Meat,24,False
2024-03-04,Monday,20,Organic Without,Frozen,22,False
2024-03-04,Monday,21,Fresh Against,Meat,8,False
2024-03-04,Monday,22,Premium Simple,Beverages,27,False
2024-03-04,Monday,23,Premium Area,Meat,27,False
2024-03-04,Monday,24,Fresh Air,Beverages,37,False
2024-03-04,Monday,25,Classic We,Meat,38,False
2024-03-04,Monday,26,Classic Outside,Frozen,22,False
2024-03-04,Monday,27,Classic Support,Beverages,5,False
2024-03-04,Monday,28,Premium Represent,Produce,27,False
2024-03-04,Monday,29,Fresh Get,Meat,8,False
2024-03-04,Monday,30,Premium Finish,Meat,24,False
2024-03-04,Monday,31,Premium Machine,Dairy,12,False
2024-03-04,Monday,32,Fresh Rest,Beverages,10,False
2024-03-04,Monday,33,Fresh Economic,Frozen,33,False
2024-03-04,Monday,34,Organic Summer,Frozen,24,False
2024-03-04,Monday,35,Organic Thus,Meat,41,False
2024-03-04,Monday,36,Premium Wrong,Bakery,19,False
2024-03-04,Monday,37,Premium Cause,Dairy,19,False
2024-03-04,Monday,38,Classic Easy,Beverages,24,False
2024-03-04,Monday,39,Fresh Local,Frozen,15,False
2024-03-04,Monday,40,Fresh Customer,Dairy,18,False
2024-03-04,Monday,41,Classic Century,Dairy,27,False
2024-03-04,Monday,42,Fresh Situation,Frozen,6,False
2024-03-04,Monday,43,Fresh Quickly,Beverages,23,False
2024-03-04,Monday,44,Premium Cause,Dairy,8,False
2024-03-04,Monday,45,Organic Leave,Produce,9,False
2024-03-04,Monday,46,Organic Strong,Bakery,16,False
2024-03-04,Monday,47,Fresh Strong,Produce,17,False
2024-03-04,Monday,48,Fresh Newspaper,Produce,9,False
2024-03-04,Monday,49,Fresh Carry,Dairy,8,False
2024-03-04,Monday,50,Premium Catch,Meat,9,False
2024-03-05,Tuesday,1,Fresh Third,Dairy,12,False
2024-03-05,Tuesday,2,Organic Skin,Meat,19,False
2024-03-05,Tuesday,3,Organic Your,Frozen,9,False
2024-03-05,Tuesday,4,Fresh Particularly,Frozen,34,False
2024-03-05,Tuesday,5,Classic South,Dairy,20,False
2024-03-05,Tuesday,6,Premium Project,Dairy,21,False
2024-03-05,Tuesday,7,Fresh Wait,Frozen,27,False
2024-03-05,Tuesday,8,Fresh Drug,Produce,23,False
2024-03-05,Tuesday,9,Organic With,Frozen,24,False
2024-03-05,Tuesday,10,Classic Ago,Beverages,28,False
2024-03-05,Tuesday,11,Organic Lot,Dairy,18,False
2024-03-05,Tuesday,12,Classic Republican,Bakery,22,False
2024-03-05,Tuesday,13,Organic Least,Dairy,12,False
2024-03-05,Tuesday,14,Organic Money,Bakery,21,False
2024-03-05,Tuesday,15,Classic Hundred,Bakery,27,False
2024-03-05,Tuesday,16,Fresh Rich,Produce,25,False
2024-03-05,Tuesday,17,Premium Baby,Frozen,30,False
2024-03-05,Tuesday,18,Classic Happy,Meat,35,False
2024-03-05,Tuesday,19,Premium Two,Meat,16,False
2024-03-05,Tuesday,20,Organic Without,Frozen,20,False
2024-03-05,Tuesday,21,Fresh Against,Meat,10,False
2024-03-05,Tuesday,22,Premium Simple,Beverages,25,False
2024-03-05,Tuesday,23,Premium Area,Meat,31,False
2024-03-05,Tuesday,24,Fresh Air,Beverages,48,False
2024-03-05,Tuesday,25,Classic We,Meat,45,False
2024-03-05,Tuesday,26,Classic Outside,Frozen,15,False
2024-03-05,Tuesday,27,Classic Support,Beverages,5,False
2024-03-05,Tuesday,28,Premium Represent,Produce,34,False
2024-03-05,Tuesday,29,Fresh Get,Meat,10,False
2024-03-05,Tuesday,30,Premium Finish,Meat,32,False
2024-03-05,Tuesday,31,Premium Machine,Dairy,13,False
2024-03-05,Tuesday,32,Fresh Rest,Beverages,15,False
2024-03-05,Tuesday,33,Fresh Economic,Frozen,23,False
2024-03-05,Tuesday,34,Organic Summer,Frozen,31,False
2024-03-05,Tuesday,35,Organic Thus,Meat,36,False
2024-03-05,Tuesday,36,Premium Wrong,Bakery,15,False
2024-03-05,Tuesday,37,Premium Cause,Dairy,28,False
2024-03-05,Tuesday,38,Classic Easy,Beverages,37,False
2024-03-05,Tuesday,39,Fresh Local,Frozen,11,False
2024-03-05,Tuesday,40,Fresh Customer,Dairy,23,False
2024-03-05,Tuesday,41,Classic Century,Dairy,25,False
2024-03-05,Tuesday,42,Fresh Situation,Frozen,5,False
2024-03-05,Tuesday,43,Fresh Quickly,Beverages,26,False
2024-03-05,Tuesday,44,Premium Cause,Dairy,10,False
2024-03-05,Tuesday,45,Organic Leave,Produce,8,False
2024-03-05,Tuesday,46,Organic Strong,Bakery,18,False
2024-03-05,Tuesday,47,Fresh Strong,Produce,16,False
2024-03-05,Tuesday,48,Fresh Newspaper,Produce,8,False
2024-03-05,Tuesday,49,Fresh Carry,Dairy,5,False
2024-03-05,Tuesday,50,Premium Catch,Meat,8,False
2024-03-06,Wednesday,1,Fresh Third,Dairy,12,False
2024-03-06,Wednesday,2,Organic Skin,Meat,19,False
2024-03-06,Wednesday,3,Organic Your,Frozen,11,False
2024-03-06,Wednesday,4,Fresh Particularly,Frozen,27,False
2024-03-06,Wednesday,5,Classic South,Dairy,20,False
2024-03-06,Wednesday,6,Premium Project,Dairy,24,False
2024-03-06,Wednesday,7,Fresh Wait,Frozen,23,False
2024-03-06,Wednesday,8,Fresh Drug,Produce,30,False
2024-03-06,Wednesday,9,Organic With,Frozen,26,False
2024-03-06,Wednesday,10,Classic Ago,Beverages,25,False
2024-03-06,Wednesday,11,Organic Lot,Dairy,20,False
2024-03-06,Wednesday,12,Classic Republican,Bakery,30,False
2024-03-06,Wednesday,13,Organic Least,Dairy,12,False
2024-03-06,Wednesday,14,Organic Money,Bakery,24,False
2024-03-06,Wednesday,15,Classic Hundred,Bakery,26,False
2024-03-06,Wednesday,16,Fresh Rich,Produce,27,False
2024-03-06,Wednesday,17,Premium Baby,Frozen,29,False
2024-03-06,Wednesday,18,Classic Happy,Meat,39,False
2024-03-06,Wednesday,19,Premium Two,Meat,14,False
2024-03-06,Wednesday,20,Organic Without,Frozen,29,False
2024-03-06,Wednesday,21,Fresh Against,Meat,8,False
2024-03-06,Wednesday,22,Premium Simple,Beverages,19,False
2024-03-06,Wednesday,23,Premium Area,Meat,23,False
2024-03-06,Wednesday,24,Fresh Air,Beverages,30,False
2024-03-06,Wednesday,25,Classic We,Meat,49,False
2024-03-06,Wednesday,26,Classic Outside,Frozen,27,False
2024-03-06,Wednesday,27,Classic Support,Beverages,4,False
2024-03-06,Wednesday,28,Premium Represent,Produce,39,False
2024-03-06,Wednesday,29,Fresh Get,Meat,11,False
2024-03-06,Wednesday,30,Premium Finish,Meat,25,False
2024-03-06,Wednesday,31,Premium Machine,Dairy,10,False
2024-03-06,Wednesday,32,Fresh Rest,Beverages,18,False
2024-03-06,Wednesday,33,Fresh Economic,Frozen,40,False
2024-03-06,Wednesday,34,Organic Summer,Frozen,31,False
2024-03-06,Wednesday,35,Organic Thus,Meat,39,False
2024-03-06,Wednesday,36,Premium Wrong,Bakery,14,False
2024-03-06,Wednesday,37,Premium Cause,Dairy,23,False
2024-03-06,Wednesday,38,Classic Easy,Beverages,29,False
2024-03-06,Wednesday,39,Fresh Local,Frozen,15,False
2024-03-06,Wednesday,40,Fresh Customer,Dairy,17,False
2024-03-06,Wednesday,41,Classic Century,Dairy,34,False
2024-03-06,Wednesday,42,Fresh Situation,Frozen,7,False
2024-03-06,Wednesday,43,Fresh Quickly,Beverages,28,False
2024-03-06,Wednesday,44,Premium Cause,Dairy,13,False
2024-03-06,Wednesday,45,Organic Leave,Produce,8,False
2024-03-06,Wednesday,46,Organic Strong,Bakery,25,False
2024-03-06,Wednesday,47,Fresh Strong,Produce,17,False
2024-03-06,Wednesday,48,Fresh Newspaper,Produce,13,False
2024-03-06,Wednesday,49,Fresh Carry,Dairy,6,False
2024-03-06,Wednesday,50,Premium Catch,Meat,10,False
2024-03-07,Thursday,1,Fresh Third,Dairy,12,False
2024-03-07,Thursday,2,Organic Skin,Meat,15,False
2024-03-07,Thursday,3,Organic Your,Frozen,7,False
2024-03-07,Thursday,4,Fresh Particularly,Frozen,29,False
2024-03-07,Thursday,5,Classic South,Dairy,30,False
2024-03-07,Thursday,6,Premium Project,Dairy,33,False
2024-03-07,Thursday,7,Fresh Wait,Frozen,23,False
2024-03-07,Thursday,8,Fresh Drug,Produce,36,False
2024-03-07,Thursday,9,Organic With,Frozen,16,False
2024-03-07,Thursday,10,Classic Ago,Beverages,23,False
2024-03-07,Thursday,11,Organic Lot,Dairy,16,False
2024-03-07,Thursday,12,Classic Republican,Bakery,31,False
2024-03-07,Thursday,13,Organic Least,Dairy,11,False
2024-03-07,Thursday,14,Organic Money,Bakery,20,False
2024-03-07,Thursday,15,Classic Hundred,Bakery,28,False
2024-03-07,Thursday,16,Fresh Rich,Produce,27,False
2024-03-07,Thursday,17,Premium Baby,Frozen,36,False
2024-03-07,Thursday,18,Classic Happy,Meat,36,False
2024-03-07,Thursday,19,Premium Two,Meat,21,False
2024-03-07,Thursday,20,Organic Without,Frozen,24,False
2024-03-07,Thursday,21,Fresh Against,Meat,12,False
2024-03-07,Thursday,22,Premium Simple,Beverages,16,False
2024-03-07,Thursday,23,Premium Area,Meat,36,False
2024-03-07,Thursday,24,Fresh Air,Beverages,33,False
2024-03-07,Thursday,25,Classic We,Meat,34,False
2024-03-07,Thursday,26,Classic Outside,Frozen,27,False
2024-03-07,Thursday,27,Classic Support,Beverages,6,False
2024-03-07,Thursday,28,Premium Represent,Produce,37,False
2024-03-07,Thursday,29,Fresh Get,Meat,13,False
2024-03-07,Thursday,30,Premium Finish,Meat,31,False
2024-03-07,Thursday,31,Premium Machine,Dairy,14,False
2024-03-07,Thursday,32,Fresh Rest,Beverages,14,False
2024-03-07,Thursday,33,Fresh Economic,Frozen,42,False
2024-03-07,Thursday,34,Organic Summer,Frozen,22,False
2024-03-07,Thursday,35,Organic Thus,Meat,47,False
2024-03-07,Thursday,36,Premium Wrong,Bakery,22,False
2024-03-07,Thursday,37,Premium Cause,Dairy,22,False
2024-03-07,Thursday,38,Classic Easy,Beverages,32,False
2024-03-07,Thursday,39,Fresh Local,Frozen,20,False
2024-03-07,Thursday,40,Fresh Customer,Dairy,25,False
2024-03-07,Thursday,41,Classic Century,Dairy,21,False
2024-03-07,Thursday,42,Fresh Situation,Frozen,7,False
2024-03-07,Thursday,43,Fresh Quickly,Beverages,27,False
2024-03-07,Thursday,44,Premium Cause,Dairy,12,False
2024-03-07,Thursday,45,Organic Leave,Produce,10,False
2024-03-07,Thursday,46,Organic Strong,Bakery,25,False
2024-03-07,Thursday,47,Fresh Strong,Produce,17,False
2024-03-07,Thursday,48,Fresh Newspaper,Produce,9,False
2024-03-07,Thursday,49,Fresh Carry,Dairy,5,False
2024-03-07,Thursday,50,Premium Catch,Meat,14,False
2024-03-08,Friday,1,Fresh Third,Dairy,11,False
2024-03-08,Friday,2,Organic Skin,Meat,22,False
2024-03-08,Friday,3,Organic Your,Frozen,11,False
2024-03-08,Friday,4,Fresh Particularly,Frozen,31,False
2024-03-08,Friday,5,Classic South,Dairy,17,False
2024-03-08,Friday,6,Premium Project,Dairy,37,False
2024-03-08,Friday,7,Fresh Wait,Frozen,24,False
2024-03-08,Friday,8,Fresh Drug,Produce,29,False
2024-03-08,Friday,9,Organic With,Frozen,21,False
2024-03-08,Friday,10,Classic Ago,Beverages,23,False
2024-03-08,Friday,11,Organic Lot,Dairy,17,False
2024-03-08,Friday,12,Classic Republican,Bakery,37,False
2024-03-08,Friday,13,Organic Least,Dairy,15,False
2024-03-08,Friday,14,Organic Money,Bakery,16,False
2024-03-08,Friday,15,Classic Hundred,Bakery,22,False
2024-03-08,Friday,16,Fresh Rich,Produce,36,False
2024-03-08,Friday,17,Premium Baby,Frozen,30,False
2024-03-08,Friday,18,Classic Happy,Meat,42,False
2024-03-08,Friday,19,Premium Two,Meat,19,False
2024-03-08,Friday,20,Organic Without,Frozen,22,False
2024-03-08,Friday,21,Fresh Against,Meat,7,False
2024-03-08,Friday,22,Premium Simple,Beverages,26,False
2024-03-08,Friday,23,Premium Area,Meat,29,False
2024-03-08,Friday,24,Fresh Air,Beverages,42,False
2024-03-08,Friday,25,Classic We,Meat,30,False
2024-03-08,Friday,26,Classic Outside,Frozen,17,False
2024-03-08,Friday,27,Classic Support,Beverages,4,False
2024-03-08,Friday,28,Premium Represent,Produce,33,False
2024-03-08,Friday,29,Fresh Get,Meat,13,False
2024-03-08,Friday,30,Premium Finish,Meat,33,False
2024-03-08,Friday,31,Premium Machine,Dairy,12,False
2024-03-08,Friday,32,Fresh Rest,Beverages,14,False
2024-03-08,Friday,33,Fresh Economic,Frozen,31,False
2024-03-08,Friday,34,Organic Summer,Frozen,29,False
2024-03-08,Friday,35,Organic Thus,Meat,42,False
2024-03-08,Friday,36,Premium Wrong,Bakery,15,False
2024-03-08,Friday,37,Premium Cause,Dairy,26,False
2024-03-08,Friday,38,Classic Easy,Beverages,38,False
2024-03-08,Friday,39,Fresh Local,Frozen,16,False
2024-03-08,Friday,40,Fresh Customer,Dairy,23,False
2024-03-08,Friday,41,Classic Century,Dairy,24,False
2024-03-08,Friday,42,Fresh Situation,Frozen,7,False
2024-03-08,Friday,43,Fresh Quickly,Beverages,29,False
2024-03-08,Friday,44,Premium Cause,Dairy,8,False
2024-03-08,Friday,45,Organic Leave,Produce,9,False
2024-03-08,Friday,46,Organic Strong,Bakery,16,False
2024-03-08,Friday,47,Fresh Strong,Produce,22,False
2024-03-08,Friday,48,Fresh Newspaper,Produce,9,False
2024-03-08,Friday,49,Fresh Carry,Dairy,8,False
2024-03-08,Friday,50,Premium Catch,Meat,13,False
2024-03-09,Saturday,1,Fresh Third,Dairy,25,True
2024-03-09,Saturday,2,Organic Skin,Meat,39,True
2024-03-09,Saturday,3,Organic Your,Frozen,24,True
2024-03-09,Saturday,4,Fresh Particularly,Frozen,29,True
2024-03-09,Saturday,5,Classic South,Dairy,34,True
2024-03-09,Saturday,6,Premium Project,Dairy,56,True
2024-03-09,Saturday,7,Fresh Wait,Frozen,49,True
2024-03-09,Saturday,8,Fresh Drug,Produce,57,True
2024-03-09,Saturday,9,Organic With,Frozen,63,True
2024-03-09,Saturday,10,Classic Ago,Beverages,29,True
2024-03-09,Saturday,11,Organic Lot,Dairy,27,True
2024-03-09,Saturday,12,Classic Republican,Bakery,40,True
2024-03-09,Saturday,13,Organic Least,Dairy,17,True
2024-03-09,Saturday,14,Organic Money,Bakery,32,True
2024-03-09,Saturday,15,Classic Hundred,Bakery,44,True
2024-03-09,Saturday,16,Fresh Rich,Produce,85,True
2024-03-09,Saturday,17,Premium Baby,Frozen,86,True
2024-03-09,Saturday,18,Classic Happy,Meat,66,True
2024-03-09,Saturday,19,Premium Two,Meat,28,True
2024-03-09,Saturday,20,Organic Without,Frozen,40,True
2024-03-09,Saturday,21,Fresh Against,Meat,20,True
2024-03-09,Saturday,22,Premium Simple,Beverages,39,True
2024-03-09,Saturday,23,Premium Area,Meat,58,True
2024-03-09,Saturday,24,Fresh Air,Beverages,74,True
2024-03-09,Saturday,25,Classic We,Meat,69,True
2024-03-09,Saturday,26,Classic Outside,Frozen,34,True
2024-03-09,Saturday,27,Classic Support,Beverages,7,True
2024-03-09,Saturday,28,Premium Represent,Produce,93,True
2024-03-09,Saturday,29,Fresh Get,Meat,27,True
2024-03-09,Saturday,30,Premium Finish,Meat,65,True
2024-03-09,Saturday,31,Premium Machine,Dairy,18,True
2024-03-09,Saturday,32,Fresh Rest,Beverages,19,True
2024-03-09,Saturday,33,Fresh Economic,Frozen,63,True
2024-03-09,Saturday,34,Organic Summer,Frozen,34,True
2024-03-09,Saturday,35,Organic Thus,Meat,95,True
2024-03-09,Saturday,36,Premium Wrong,Bakery,39,True
2024-03-09,Saturday,37,Premium Cause,Dairy,48,True
2024-03-09,Saturday,38,Classic Easy,Beverages,65,True
2024-03-09,Saturday,39,Fresh Local,Frozen,37,True
2024-03-09,Saturday,40,Fresh Customer,Dairy,52,True
2024-03-09,Saturday,41,Classic Century,Dairy,66,True
2024-03-09,Saturday,42,Fresh Situation,Frozen,18,True
2024-03-09,Saturday,43,Fresh Quickly,Beverages,79,True
2024-03-09,Saturday,44,Premium Cause,Dairy,20,True
2024-03-09,Saturday,45,Organic Leave,Produce,23,True
2024-03-09,Saturday,46,Organic Strong,Bakery,39,True
2024-03-09,Saturday,47,Fresh Strong,Produce,42,True
2024-03-09,Saturday,48,Fresh Newspaper,Produce,18,True
2024-03-09,Saturday,49,Fresh Carry,Dairy,9,True
2024-03-09,Saturday,50,Premium Catch,Meat,12,True
2024-03-10,Sunday,1,Fresh Third,Dairy,18,True
2024-03-10,Sunday,2,Organic Skin,Meat,40,True
2024-03-10,Sunday,3,Organic Your,Frozen,24,True
2024-03-10,Sunday,4,Fresh Particularly,Frozen,30,True
2024-03-10,Sunday,5,Classic South,Dairy,33,True
2024-03-10,Sunday,6,Premium Project,Dairy,37,True
2024-03-10,Sunday,7,Fresh Wait,Frozen,34,True
2024-03-10,Sunday,8,Fresh Drug,Produce,79,True
2024-03-10,Sunday,9,Organic With,Frozen,67,True
2024-03-10,Sunday,10,Classic Ago,Beverages,49,True
2024-03-10,Sunday,11,Organic Lot,Dairy,27,True
2024-03-10,Sunday,12,Classic Republican,Bakery,56,True
2024-03-10,Sunday,13,Organic Least,Dairy,19,True
2024-03-10,Sunday,14,Organic Money,Bakery,51,True
2024-03-10,Sunday,15,Classic Hundred,Bakery,65,True
2024-03-10,Sunday,16,Fresh Rich,Produce,59,True
2024-03-10,Sunday,17,Premium Baby,Frozen,51,True
2024-03-10,Sunday,18,Classic Happy,Meat,54,True
2024-03-10,Sunday,19,Premium Two,Meat,21,True
2024-03-10,Sunday,20,Organic Without,Frozen,34,True
2024-03-10,Sunday,21,Fresh Against,Meat,20,True
2024-03-10,Sunday,22,Premium Simple,Beverages,34,True
2024-03-10,Sunday,23,Premium Area,Meat,49,True
2024-03-10,Sunday,24,Fresh Air,Beverages,75,True
2024-03-10,Sunday,25,Classic We,Meat,53,True
2024-03-10,Sunday,26,Classic Outside,Frozen,42,True
2024-03-10,Sunday,27,Classic Support,Beverages,6,True
2024-03-10,Sunday,28,Premium Represent,Produce,99,True
2024-03-10,Sunday,29,Fresh Get,Meat,25,True
2024-03-10,Sunday,30,Premium Finish,Meat,70,True
2024-03-10,Sunday,31,Premium Machine,Dairy,19,True
2024-03-10,Sunday,32,Fresh Rest,Beverages,26,True
2024-03-10,Sunday,33,Fresh Economic,Frozen,89,True
2024-03-10,Sunday,34,Organic Summer,Frozen,37,True
2024-03-10,Sunday,35,Organic Thus,Meat,95,True
2024-03-10,Sunday,36,Premium Wrong,Bakery,36,True
2024-03-10,Sunday,37,Premium Cause,Dairy,45,True
2024-03-10,Sunday,38,Classic Easy,Beverages,76,True
2024-03-10,Sunday,39,Fresh Local,Frozen,25,True
2024-03-10,Sunday,40,Fresh Customer,Dairy,35,True
2024-03-10,Sunday,41,Classic Century,Dairy,42,True
2024-03-10,Sunday,42,Fresh Situation,Frozen,13,True
2024-03-10,Sunday,43,Fresh Quickly,Beverages,66,True
2024-03-10,Sunday,44,Premium Cause,Dairy,12,True
2024-03-10,Sunday,45,Organic Leave,Produce,22,True
2024-03-10,Sunday,46,Organic Strong,Bakery,59,True
2024-03-10,Sunday,47,Fresh Strong,Produce,45,True
2024-03-10,Sunday,48,Fresh Newspaper,Produce,11,True
2024-03-10,Sunday,49,Fresh Carry,Dairy,11,True
2024-03-10,Sunday,50,Premium Catch,Meat,13,True
2024-03-11,Monday,1,Fresh Third,Dairy,9,False
2024-03-11,Monday,2,Organic Skin,Meat,17,False
2024-03-11,Monday,3,Organic Your,Frozen,10,False
2024-03-11,Monday,4,Fresh Particularly,Frozen,19,False
2024-03-11,Monday,5,Classic South,Dairy,19,False
2024-03-11,Monday,6,Premium Project,Dairy,34,False
2024-03-11,Monday,7,Fresh Wait,Frozen,21,False
2024-03-11,Monday,8,Fresh Drug,Produce,21,False
2024-03-11,Monday,9,Organic With,Frozen,18,False
2024-03-11,Monday,10,Classic Ago,Beverages,29,False
2024-03-11,Monday,11,Organic Lot,Dairy,15,False
2024-03-11,Monday,12,Classic Republican,Bakery,32,False
2024-03-11,Monday,13,Organic Least,Dairy,14,False
2024-03-11,Monday,14,Organic Money,Bakery,21,False
2024-03-11,Monday,15,Classic Hundred,Bakery,25,False
2024-03-11,Monday,16,Fresh Rich,Produce,39,False
2024-03-11,Monday,17,Premium Baby,Frozen,22,False
2024-03-11,Monday,18,Classic Happy,Meat,36,False
2024-03-11,Monday,19,Premium Two,Meat,19,False
2024-03-11,Monday,20,Organic Without,Frozen,30,False
2024-03-11,Monday,21,Fresh Against,Meat,9,False
2024-03-11,Monday,22,Premium Simple,Beverages,15,False
2024-03-11,Monday,23,Premium Area,Meat,20,False
2024-03-11,Monday,24,Fresh Air,Beverages,29,False
2024-03-11,Monday,25,Classic We,Meat,36,False
2024-03-11,Monday,26,Classic Outside,Frozen,23,False
2024-03-11,Monday,27,Classic Support,Beverages,6,False
2024-03-11,Monday,28,Premium Represent,Produce,37,False
2024-03-11,Monday,29,Fresh Get,Meat,14,False
2024-03-11,Monday,30,Premium Finish,Meat,31,False
2024-03-11,Monday,31,Premium Machine,Dairy,12,False
2024-03-11,Monday,32,Fresh Rest,Beverages,18,False
2024-03-11,Monday,33,Fresh Economic,Frozen,29,False
2024-03-11,Monday,34,Organic Summer,Frozen,22,False
2024-03-11,Monday,35,Organic Thus,Meat,45,False
2024-03-11,Monday,36,Premium Wrong,Bakery,19,False
2024-03-11,Monday,37,Premium Cause,Dairy,26,False
2024-03-11,Monday,38,Classic Easy,Beverages,25,False
2024-03-11,Monday,39,Fresh Local,Frozen,20,False
2024-03-11,Monday,40,Fresh Customer,Dairy,17,False
2024-03-11,Monday,41,Classic Century,Dairy,26,False
2024-03-11,Monday,42,Fresh Situation,Frozen,4,False
2024-03-11,Monday,43,Fresh Quickly,Beverages,40,False
2024-03-11,Monday,44,Premium Cause,Dairy,13,False
2024-03-11,Monday,45,Organic Leave,Produce,10,False
2024-03-11,Monday,46,Organic Strong,Bakery,18,False
2024-03-11,Monday,47,Fresh Strong,Produce,12,False
2024-03-11,Monday,48,Fresh Newspaper,Produce,8,False
2024-03-11,Monday,49,Fresh Carry,Dairy,5,False
2024-03-11,Monday,50,Premium Catch,Meat,10,False
2024-03-12,Tuesday,1,Fresh Third,Dairy,10,False
2024-03-12,Tuesday,2,Organic Skin,Meat,19,False
2024-03-12,Tuesday,3,Organic Your,Frozen,8,False
2024-03-12,Tuesday,4,Fresh Particularly,Frozen,29,False
2024-03-12,Tuesday,5,Classic South,Dairy,30,False
2024-03-12,Tuesday,6,Premium Project,Dairy,26,False
2024-03-12,Tuesday,7,Fresh Wait,Frozen,30,False
2024-03-12,Tuesday,8,Fresh Drug,Produce,27,False
2024-03-12,Tuesday,9,Organic With,Frozen,25,False
2024-03-12,Tuesday,10,Classic Ago,Beverages,19,False
2024-03-12,Tuesday,11,Organic Lot,Dairy,14,False
2024-03-12,Tuesday,12,Classic Republican,Bakery,29,False
2024-03-12,Tuesday,13,Organic Least,Dairy,14,False
2024-03-12,Tuesday,14,Organic Money,Bakery,20,False
2024-03-12,Tuesday,15,Classic Hundred,Bakery,17,False
2024-03-12,Tuesday,16,Fresh Rich,Produce,26,False
2024-03-12,Tuesday,17,Premium Baby,Frozen,37,False
2024-03-12,Tuesday,18,Classic Happy,Meat,35,False
2024-03-12,Tuesday,19,Premium Two,Meat,15,False
2024-03-12,Tuesday,20,Organic Without,Frozen,24,False
2024-03-12,Tuesday,21,Fresh Against,Meat,9,False
2024-03-12,Tuesday,22,Premium Simple,Beverages,27,False
2024-03-12,Tuesday,23,Premium Area,Meat,37,False
2024-03-12,Tuesday,24,Fresh Air,Beverages,39,False
2024-03-12,Tuesday,25,Classic We,Meat,33,False
2024-03-12,Tuesday,26,Classic Outside,Frozen,18,False
2024-03-12,Tuesday,27,Classic Support,Beverages,7,False
2024-03-12,Tuesday,28,Premium Represent,Produce,24,False
2024-03-12,Tuesday,29,Fresh Get,Meat,12,False
2024-03-12,Tuesday,30,Premium Finish,Meat,29,False
2024-03-12,Tuesday,31,Premium Machine,Dairy,13,False
2024-03-12,Tuesday,32,Fresh Rest,Beverages,17,False
2024-03-12,Tuesday,33,Fresh Economic,Frozen,24,False
2024-03-12,Tuesday,34,Organic Summer,Frozen,17,False
2024-03-12,Tuesday,35,Organic Thus,Meat,29,False
2024-03-12,Tuesday,36,Premium Wrong,Bakery,18,False
2024-03-12,Tuesday,37,Premium Cause,Dairy,20,False
2024-03-12,Tuesday,38,Classic Easy,Beverages,32,False
2024-03-12,Tuesday,39,Fresh Local,Frozen,12,False
2024-03-12,Tuesday,40,Fresh Customer,Dairy,22,False
2024-03-12,Tuesday,41,Classic Century,Dairy,33,False
2024-03-12,Tuesday,42,Fresh Situation,Frozen,4,False
2024-03-12,Tuesday,43,Fresh Quickly,Beverages,40,False
2024-03-12,Tuesday,44,Premium Cause,Dairy,11,False
2024-03-12,Tuesday,45,Organic Leave,Produce,9,False
2024-03-12,Tuesday,46,Organic Strong,Bakery,27,False
2024-03-12,Tuesday,47,Fresh Strong,Produce,14,False
2024-03-12,Tuesday,48,Fresh Newspaper,Produce,10,False
2024-03-12,Tuesday,49,Fresh Carry,Dairy,4,False
2024-03-12,Tuesday,50,Premium Catch,Meat,9,False
2024-03-13,Wednesday,1,Fresh Third,Dairy,11,False
2024-03-13,Wednesday,2,Organic Skin,Meat,13,False
2024-03-13,Wednesday,3,Organic Your,Frozen,9,False
2024-03-13,Wednesday,4,Fresh Particularly,Frozen,21,False
2024-03-13,Wednesday,5,Classic South,Dairy,21,False
2024-03-13,Wednesday,6,Premium Project,Dairy,30,False
2024-03-13,Wednesday,7,Fresh Wait,Frozen,21,False
2024-03-13,Wednesday,8,Fresh Drug,Produce,34,False
2024-03-13,Wednesday,9,Organic With,Frozen,24,False
2024-03-13,Wednesday,10,Classic Ago,Beverages,20,False
2024-03-13,Wednesday,11,Organic Lot,Dairy,22,False
2024-03-13,Wednesday,12,Classic Republican,Bakery,39,False
2024-03-13,Wednesday,13,Organic Least,Dairy,9,False
2024-03-13,Wednesday,14,Organic Money,Bakery,21,False
2024-03-13,Wednesday,15,Classic Hundred,Bakery,22,False
2024-03-13,Wednesday,16,Fresh Rich,Produce,40,False
2024-03-13,Wednesday,17,Premium Baby,Frozen,28,False
2024-03-13,Wednesday,18,Classic Happy,Meat,37,False
2024-03-13,Wednesday,19,Premium Two,Meat,23,False
2024-03-13,Wednesday,20,Organic Without,Frozen,23,False
2024-03-13,Wednesday,21,Fresh Against,Meat,12,False
2024-03-13,Wednesday,22,Premium Simple,Beverages,17,False
2024-03-13,Wednesday,23,Premium Area,Meat,37,False
2024-03-13,Wednesday,24,Fresh Air,Beverages,35,False
2024-03-13,Wednesday,25,Classic We,Meat,49,False
2024-03-13,Wednesday,26,Classic Outside,Frozen,15,False
2024-03-13,Wednesday,27,Classic Support,Beverages,7,False
2024-03-13,Wednesday,28,Premium Represent,Produce,35,False
2024-03-13,Wednesday,29,Fresh Get,Meat,13,False
2024-03-13,Wednesday,30,Premium Finish,Meat,32,False
2024-03-13,Wednesday,31,Premium Machine,Dairy,15,False
2024-03-13,Wednesday,32,Fresh Rest,Beverages,15,False
2024-03-13,Wednesday,33,Fresh Economic,Frozen,27,False
2024-03-13,Wednesday,34,Organic Summer,Frozen,22,False
2024-03-13,Wednesday,35,Organic Thus,Meat,30,False
2024-03-13,Wednesday,36,Premium Wrong,Bakery,17,False
2024-03-13,Wednesday,37,Premium Cause,Dairy,23,False
2024-03-13,Wednesday,38,Classic Easy,Beverages,26,False
2024-03-13,Wednesday,39,Fresh Local,Frozen,17,False
2024-03-13,Wednesday,40,Fresh Customer,Dairy,22,False
2024-03-13,Wednesday,41,Classic Century,Dairy,35,False
2024-03-13,Wednesday,42,Fresh Situation,Frozen,7,False
2024-03-13,Wednesday,43,Fresh Quickly,Beverages,23,False
2024-03-13,Wednesday,44,Premium Cause,Dairy,10,False
2024-03-13,Wednesday,45,Organic Leave,Produce,11,False
2024-03-13,Wednesday,46,Organic Strong,Bakery,16,False
2024-03-13,Wednesday,47,Fresh Strong,Produce,16,False
2024-03-13,Wednesday,48,Fresh Newspaper,Produce,13,False
2024-03-13,Wednesday,49,Fresh Carry,Dairy,8,False
2024-03-13,Wednesday,50,Premium Catch,Meat,13,False
2024-03-14,Thursday,1,Fresh Third,Dairy,7,False
2024-03-14,Thursday,2,Organic Skin,Meat,15,False
2024-03-14,Thursday,3,Organic Your,Frozen,7,False
2024-03-14,Thursday,4,Fresh Particularly,Frozen,23,False
2024-03-14,Thursday,5,Classic South,Dairy,20,False
2024-03-14,Thursday,6,Premium Project,Dairy,37,False
2024-03-14,Thursday,7,Fresh Wait,Frozen,26,False
2024-03-14,Thursday,8,Fresh Drug,Produce,26,False
2024-03-14,Thursday,9,Organic With,Frozen,28,False
2024-03-14,Thursday,10,Classic Ago,Beverages,26,False
2024-03-14,Thursday,11,Organic Lot,Dairy,18,False
2024-03-14,Thursday,12,Classic Republican,Bakery,32,False
2024-03-14,Thursday,13,Organic Least,Dairy,12,False
2024-03-14,Thursday,14,Organic Money,Bakery,17,False
2024-03-14,Thursday,15,Classic Hundred,Bakery,21,False
2024-03-14,Thursday,16,Fresh Rich,Produce,25,False
2024-03-14,Thursday,17,Premium Baby,Frozen,37,False
2024-03-14,Thursday,18,Classic Happy,Meat,43,False
2024-03-14,Thursday,19,Premium Two,Meat,14,False
2024-03-14,Thursday,20,Organic Without,Frozen,28,False
2024-03-14,Thursday,21,Fresh Against,Meat,8,False
2024-03-14,Thursday,22,Premium Simple,Beverages,26,False
2024-03-14,Thursday,23,Premium Area,Meat,30,False
2024-03-14,Thursday,24,Fresh Air,Beverages,35,False
2024-03-14,Thursday,25,Classic We,Meat,39,False
2024-03-14,Thursday,26,Classic Outside,Frozen,18,False
2024-03-14,Thursday,27,Classic Support,Beverages,5,False
2024-03-14,Thursday,28,Premium Represent,Produce,26,False
2024-03-14,Thursday,29,Fresh Get,Meat,10,False
2024-03-14,Thursday,30,Premium Finish,Meat,30,False
2024-03-14,Thursday,31,Premium Machine,Dairy,16,False
2024-03-14,Thursday,32,Fresh Rest,Beverages,12,False
2024-03-14,Thursday,33,Fresh Economic,Frozen,29,False
2024-03-14,Thursday,34,Organic Summer,Frozen,25,False
2024-03-14,Thursday,35,Organic Thus,Meat,41,False
2024-03-14,Thursday,36,Premium Wrong,Bakery,17,False
2024-03-14,Thursday,37,Premium Cause,Dairy,33,False
2024-03-14,Thursday,38,Classic Easy,Beverages,24,False
2024-03-14,Thursday,39,Fresh Local,Frozen,16,False
2024-03-14,Thursday,40,Fresh Customer,Dairy,28,False
2024-03-14,Thursday,41,Classic Century,Dairy,35,False
2024-03-14,Thursday,42,Fresh Situation,Frozen,5,False
2024-03-14,Thursday,43,Fresh Quickly,Beverages,30,False
2024-03-14,Thursday,44,Premium Cause,Dairy,13,False
2024-03-14,Thursday,45,Organic Leave,Produce,9,False
2024-03-14,Thursday,46,Organic Strong,Bakery,17,False
2024-03-14,Thursday,47,Fresh Strong,Produce,18,False
2024-03-14,Thursday,48,Fresh Newspaper,Produce,8,False
2024-03-14,Thursday,49,Fresh Carry,Dairy,8,False
2024-03-14,Thursday,50,Premium Catch,Meat,9,False
2024-03-15,Friday,1,Fresh Third,Dairy,8,False
2024-03-15,Friday,2,Organic Skin,Meat,15,False
2024-03-15,Friday,3,Organic Your,Frozen,7,False
2024-03-15,Friday,4,Fresh Particularly,Frozen,23,False
2024-03-15,Friday,5,Classic South,Dairy,28,False
2024-03-15,Friday,6,Premium Project,Dairy,31,False
2024-03-15,Friday,7,Fresh Wait,Frozen,37,False
2024-03-15,Friday,8,Fresh Drug,Produce,25,False
2024-03-15,Friday,9,Organic With,Frozen,16,False
2024-03-15,Friday,10,Classic Ago,Beverages,23,False
2024-03-15,Friday,11,Organic Lot,Dairy,23,False
2024-03-15,Friday,12,Classic Republican,Bakery,27,False
2024-03-15,Friday,13,Organic Least,Dairy,10,False
2024-03-15,Friday,14,Organic Money,Bakery,17,False
2024-03-15,Friday,15,Classic Hundred,Bakery,18,False
2024-03-15,Friday,16,Fresh Rich,Produce,29,False
2024-03-15,Friday,17,Premium Baby,Frozen,35,False
2024-03-15,Friday,18,Classic Happy,Meat,32,False
2024-03-15,Friday,19,Premium Two,Meat,14,False
2024-03-15,Friday,20,Organic Without,Frozen,19,False
2024-03-15,Friday,21,Fresh Against,Meat,11,False
2024-03-15,Friday,22,Premium Simple,Beverages,26,False
2024-03-15,Friday,23,Premium Area,Meat,29,False
2024-03-15,Friday,24,Fresh Air,Beverages,31,False
2024-03-15,Friday,25,Classic We,Meat,32,False
2024-03-15,Friday,26,Classic Outside,Frozen,16,False
2024-03-15,Friday,27,Classic Support,Beverages,5,False
2024-03-15,Friday,28,Premium Represent,Produce,38,False
2024-03-15,Friday,29,Fresh Get,Meat,15,False
2024-03-15,Friday,30,Premium Finish,Meat,26,False
2024-03-15,Friday,31,Premium Machine,Dairy,11,False
2024-03-15,Friday,32,Fresh Rest,Beverages,14,False
2024-03-15,Friday,33,Fresh Economic,Frozen,24,False
2024-03-15,Friday,34,Organic Summer,Frozen,28,False
2024-03-15,Friday,35,Organic Thus,Meat,43,False
2024-03-15,Friday,36,Premium Wrong,Bakery,14,False
2024-03-15,Friday,37,Premium Cause,Dairy,20,False
2024-03-15,Friday,38,Classic Easy,Beverages,40,False
2024-03-15,Friday,39,Fresh Local,Frozen,14,False
2024-03-15,Friday,40,Fresh Customer,Dairy,18,False
2024-03-15,Friday,41,Classic Century,Dairy,36,False
2024-03-15,Friday,42,Fresh Situation,Frozen,5,False
2024-03-15,Friday,43,Fresh Quickly,Beverages,23,False
2024-03-15,Friday,44,Premium Cause,Dairy,10,False
2024-03-15,Friday,45,Organic Leave,Produce,10,False
2024-03-15,Friday,46,Organic Strong,Bakery,25,False
2024-03-15,Friday,47,Fresh Strong,Produce,18,False
2024-03-15,Friday,48,Fresh Newspaper,Produce,13,False
2024-03-15,Friday,49,Fresh Carry,Dairy,8,False
2024-03-15,Friday,50,Premium Catch,Meat,13,False
2024-03-16,Saturday,1,Fresh Third,Dairy,23,True
2024-03-16,Saturday,2,Organic Skin,Meat,41,True
2024-03-16,Saturday,3,Organic Your,Frozen,16,True
2024-03-16,Saturday,4,Fresh Particularly,Frozen,33,True
2024-03-16,Saturday,5,Classic South,Dairy,24,True
2024-03-16,Saturday,6,Premium Project,Dairy,57,True
2024-03-16,Saturday,7,Fresh Wait,Frozen,30,True
2024-03-16,Saturday,8,Fresh Drug,Produce,70,True
2024-03-16,Saturday,9,Organic With,Frozen,43,True
2024-03-16,Saturday,10,Classic Ago,Beverages,48,True
2024-03-16,Saturday,11,Organic Lot,Dairy,38,True
2024-03-16,Saturday,12,Classic Republican,Bakery,57,True
2024-03-16,Saturday,13,Organic Least,Dairy,20,True
2024-03-16,Saturday,14,Organic Money,Bakery,49,True
2024-03-16,Saturday,15,Classic Hundred,Bakery,46,True
2024-03-16,Saturday,16,Fresh Rich,Produce,70,True
2024-03-16,Saturday,17,Premium Baby,Frozen,89,True
2024-03-16,Saturday,18,Classic Happy,Meat,53,True
2024-03-16,Saturday,19,Premium Two,Meat,20,True
2024-03-16,Saturday,20,Organic Without,Frozen,38,True
2024-03-16,Saturday,21,Fresh Against,Meat,25,True
2024-03-16,Saturday,22,Premium Simple,Beverages,23,True
2024-03-16,Saturday,23,Premium Area,Meat,89,True
2024-03-16,Saturday,24,Fresh Air,Beverages,86,True
2024-03-16,Saturday,25,Classic We,Meat,72,True
2024-03-16,Saturday,26,Classic Outside,Frozen,46,True
2024-03-16,Saturday,27,Classic Support,Beverages,5,True
2024-03-16,Saturday,28,Premium Represent,Produce,76,True
2024-03-16,Saturday,29,Fresh Get,Meat,32,True
2024-03-16,Saturday,30,Premium Finish,Meat,44,True
2024-03-16,Saturday,31,Premium Machine,Dairy,31,True
2024-03-16,Saturday,32,Fresh Rest,Beverages,18,True
2024-03-16,Saturday,33,Fresh Economic,Frozen,80,True
2024-03-16,Saturday,34,Organic Summer,Frozen,39,True
2024-03-16,Saturday,35,Organic Thus,Meat,75,True
2024-03-16,Saturday,36,Premium Wrong,Bakery,28,True
2024-03-16,Saturday,37,Premium Cause,Dairy,48,True
2024-03-16,Saturday,38,Classic Easy,Beverages,45,True
2024-03-16,Saturday,39,Fresh Local,Frozen,36,True
2024-03-16,Saturday,40,Fresh Customer,Dairy,46,True
2024-03-16,Saturday,41,Classic Century,Dairy,61,True
2024-03-16,Saturday,42,Fresh Situation,Frozen,11,True
2024-03-16,Saturday,43,Fresh Quickly,Beverages,52,True
2024-03-16,Saturday,44,Premium Cause,Dairy,19,True
2024-03-16,Saturday,45,Organic Leave,Produce,19,True
2024-03-16,Saturday,46,Organic Strong,Bakery,63,True
2024-03-16,Saturday,47,Fresh Strong,Produce,38,True
2024-03-16,Saturday,48,Fresh Newspaper,Produce,18,True
2024-03-16,Saturday,49,Fresh Carry,Dairy,11,True
2024-03-16,Saturday,50,Premium Catch,Meat,16,True
2024-03-17,Sunday,1,Fresh Third,Dairy,19,True
2024-03-17,Sunday,2,Organic Skin,Meat,25,True
2024-03-17,Sunday,3,Organic Your,Frozen,20,True
2024-03-17,Sunday,4,Fresh Particularly,Frozen,35,True
2024-03-17,Sunday,5,Classic South,Dairy,38,True
2024-03-17,Sunday,6,Premium Project,Dairy,32,True
2024-03-17,Sunday,7,Fresh Wait,Frozen,35,True
2024-03-17,Sunday,8,Fresh Drug,Produce,66,True
2024-03-17,Sunday,9,Organic With,Frozen,58,True
2024-03-17,Sunday,10,Classic Ago,Beverages,38,True
2024-03-17,Sunday,11,Organic Lot,Dairy,38,True
2024-03-17,Sunday,12,Classic Republican,Bakery,57,True
2024-03-17,Sunday,13,Organic Least,Dairy,18,True
2024-03-17,Sunday,14,Organic Money,Bakery,53,True
2024-03-17,Sunday,15,Classic Hundred,Bakery,60,True
2024-03-17,Sunday,16,Fresh Rich,Produce,68,True
2024-03-17,Sunday,17,Premium Baby,Frozen,71,True
2024-03-17,Sunday,18,Classic Happy,Meat,38,True
2024-03-17,Sunday,19,Premium Two,Meat,26,True
2024-03-17,Sunday,20,Organic Without,Frozen,51,True
2024-03-17,Sunday,21,Fresh Against,Meat,21,True
2024-03-17,Sunday,22,Premium Simple,Beverages,33,True
2024-03-17,Sunday,23,Premium Area,Meat,88,True
2024-03-17,Sunday,24,Fresh Air,Beverages,96,True
2024-03-17,Sunday,25,Classic We,Meat,64,True
2024-03-17,Sunday,26,Classic Outside,Frozen,47,True
2024-03-17,Sunday,27,Classic Support,Beverages,8,True
2024-03-17,Sunday,28,Premium Represent,Produce,94,True
2024-03-17,Sunday,29,Fresh Get,Meat,30,True
2024-03-17,Sunday,30,Premium Finish,Meat,67,True
2024-03-17,Sunday,31,Premium Machine,Dairy,23,True
2024-03-17,Sunday,32,Fresh Rest,Beverages,17,True
2024-03-17,Sunday,33,Fresh Economic,Frozen,83,True
2024-03-17,Sunday,34,Organic Summer,Frozen,26,True
2024-03-17,Sunday,35,Organic Thus,Meat,95,True
2024-03-17,Sunday,36,Premium Wrong,Bakery,44,True
2024-03-17,Sunday,37,Premium Cause,Dairy,49,True
2024-03-17,Sunday,38,Classic Easy,Beverages,73,True
2024-03-17,Sunday,39,Fresh Local,Frozen,34,True
2024-03-17,Sunday,40,Fresh Customer,Dairy,52,True
2024-03-17,Sunday,41,Classic Century,Dairy,64,True
2024-03-17,Sunday,42,Fresh Situation,Frozen,15,True
2024-03-17,Sunday,43,Fresh Quickly,Beverages,77,True
2024-03-17,Sunday,44,Premium Cause,Dairy,19,True
2024-03-17,Sunday,45,Organic Leave,Produce,19,True
2024-03-17,Sunday,46,Organic Strong,Bakery,64,True
2024-03-17,Sunday,47,Fresh Strong,Produce,37,True
2024-03-17,Sunday,48,Fresh Newspaper,Produce,13,True
2024-03-17,Sunday,49,Fresh Carry,Dairy,12,True
2024-03-17,Sunday,50,Premium Catch,Meat,19,True
2024-03-18,Monday,1,Fresh Third,Dairy,12,False
2024-03-18,Monday,2,Organic Skin,Meat,15,False
2024-03-18,Monday,3,Organic Your,Frozen,10,False
2024-03-18,Monday,4,Fresh Particularly,Frozen,35,False
2024-03-18,Monday,5,Classic South,Dairy,27,False
2024-03-18,Monday,6,Premium Project,Dairy,34,False
2024-03-18,Monday,7,Fresh Wait,Frozen,29,False
2024-03-18,Monday,8,Fresh Drug,Produce,28,False
2024-03-18,Monday,9,Organic With,Frozen,26,False
2024-03-18,Monday,10,Classic Ago,Beverages,21,False
2024-03-18,Monday,11,Organic Lot,Dairy,19,False
2024-03-18,Monday,12,Classic Republican,Bakery,31,False
2024-03-18,Monday,13,Organic Least,Dairy,14,False
2024-03-18,Monday,14,Organic Money,Bakery,26,False
2024-03-18,Monday,15,Classic Hundred,Bakery,29,False
2024-03-18,Monday,16,Fresh Rich,Produce,27,False
2024-03-18,Monday,17,Premium Baby,Frozen,35,False
2024-03-18,Monday,18,Classic Happy,Meat,34,False
2024-03-18,Monday,19,Premium Two,Meat,22,False
2024-03-18,Monday,20,Organic Without,Frozen,30,False
2024-03-18,Monday,21,Fresh Against,Meat,10,False
2024-03-18,Monday,22,Premium Simple,Beverages,17,False
2024-03-18,Monday,23,Premium Area,Meat,22,False
2024-03-18,Monday,24,Fresh Air,Beverages,40,False
2024-03-18,Monday,25,Classic We,Meat,32,False
2024-03-18,Monday,26,Classic Outside,Frozen,24,False
2024-03-18,Monday,27,Classic Support,Beverages,6,False
2024-03-18,Monday,28,Premium Represent,Produce,30,False
2024-03-18,Monday,29,Fresh Get,Meat,13,False
2024-03-18,Monday,30,Premium Finish,Meat,36,False
2024-03-18,Monday,31,Premium Machine,Dairy,11,False
2024-03-18,Monday,32,Fresh Rest,Beverages,15,False
2024-03-18,Monday,33,Fresh Economic,Frozen,32,False
2024-03-18,Monday,34,Organic Summer,Frozen,30,False
2024-03-18,Monday,35,Organic Thus,Meat,42,False
2024-03-18,Monday,36,Premium Wrong,Bakery,22,False
2024-03-18,Monday,37,Premium Cause,Dairy,24,False
2024-03-18,Monday,38,Classic Easy,Beverages,35,False
2024-03-18,Monday,39,Fresh Local,Frozen,13,False
2024-03-18,Monday,40,Fresh Customer,Dairy,22,False
2024-03-18,Monday,41,Classic Century,Dairy,21,False
2024-03-18,Monday,42,Fresh Situation,Frozen,6,False
2024-03-18,Monday,43,Fresh Quickly,Beverages,41,False
2024-03-18,Monday,44,Premium Cause,Dairy,13,False
2024-03-18,Monday,45,Organic Leave,Produce,11,False
2024-03-18,Monday,46,Organic Strong,Bakery,18,False
2024-03-18,Monday,47,Fresh Strong,Produce,16,False
2024-03-18,Monday,48,Fresh Newspaper,Produce,9,False
2024-03-18,Monday,49,Fresh Carry,Dairy,6,False
2024-03-18,Monday,50,Premium Catch,Meat,15,False
2024-03-19,Tuesday,1,Fresh Third,Dairy,7,False
2024-03-19,Tuesday,2,Organic Skin,Meat,20,False
2024-03-19,Tuesday,3,Organic Your,Frozen,8,False
2024-03-19,Tuesday,4,Fresh Particularly,Frozen,34,False
2024-03-19,Tuesday,5,Classic South,Dairy,18,False
2024-03-19,Tuesday,6,Premium Project,Dairy,35,False
2024-03-19,Tuesday,7,Fresh Wait,Frozen,34,False
2024-03-19,Tuesday,8,Fresh Drug,Produce,23,False
2024-03-19,Tuesday,9,Organic With,Frozen,20,False
2024-03-19,Tuesday,10,Classic Ago,Beverages,32,False
2024-03-19,Tuesday,11,Organic Lot,Dairy,19,False
2024-03-19,Tuesday,12,Classic Republican,Bakery,36,False
2024-03-19,Tuesday,13,Organic Least,Dairy,10,False
2024-03-19,Tuesday,14,Organic Money,Bakery,25,False
2024-03-19,Tuesday,15,Classic Hundred,Bakery,25,False
2024-03-19,Tuesday,16,Fresh Rich,Produce,42,False
2024-03-19,Tuesday,17,Premium Baby,Frozen,27,False
2024-03-19,Tuesday,18,Classic Happy,Meat,32,False
2024-03-19,Tuesday,19,Premium Two,Meat,15,False
2024-03-19,Tuesday,20,Organic Without,Frozen,30,False
2024-03-19,Tuesday,21,Fresh Against,Meat,8,False
2024-03-19,Tuesday,22,Premium Simple,Beverages,27,False
2024-03-19,Tuesday,23,Premium Area,Meat,20,False
2024-03-19,Tuesday,24,Fresh Air,Beverages,43,False
2024-03-19,Tuesday,25,Classic We,Meat,47,False
2024-03-19,Tuesday,26,Classic Outside,Frozen,26,False
2024-03-19,Tuesday,27,Classic Support,Beverages,5,False
2024-03-19,Tuesday,28,Premium Represent,Produce,42,False
2024-03-19,Tuesday,29,Fresh Get,Meat,9,False
2024-03-19,Tuesday,30,Premium Finish,Meat,42,False
2024-03-19,Tuesday,31,Premium Machine,Dairy,9,False
2024-03-19,Tuesday,32,Fresh Rest,Beverages,14,False
2024-03-19,Tuesday,33,Fresh Economic,Frozen,31,False
2024-03-19,Tuesday,34,Organic Summer,Frozen,18,False
2024-03-19,Tuesday,35,Organic Thus,Meat,28,False
2024-03-19,Tuesday,36,Premium Wrong,Bakery,20,False
2024-03-19,Tuesday,37,Premium Cause,Dairy,32,False
2024-03-19,Tuesday,38,Classic Easy,Beverages,29,False
2024-03-19,Tuesday,39,Fresh Local,Frozen,12,False
2024-03-19,Tuesday,40,Fresh Customer,Dairy,26,False
2024-03-19,Tuesday,41,Classic Century,Dairy,22,False
2024-03-19,Tuesday,42,Fresh Situation,Frozen,5,False
2024-03-19,Tuesday,43,Fresh Quickly,Beverages,29,False
2024-03-19,Tuesday,44,Premium Cause,Dairy,7,False
2024-03-19,Tuesday,45,Organic Leave,Produce,13,False
2024-03-19,Tuesday,46,Organic Strong,Bakery,20,False
2024-03-19,Tuesday,47,Fresh Strong,Produce,14,False
2024-03-19,Tuesday,48,Fresh Newspaper,Produce,10,False
2024-03-19,Tuesday,49,Fresh Carry,Dairy,5,False
2024-03-19,Tuesday,50,Premium Catch,Meat,15,False
2024-03-20,Wednesday,1,Fresh Third,Dairy,12,False
2024-03-20,Wednesday,2,Organic Skin,Meat,16,False
2024-03-20,Wednesday,3,Organic Your,Frozen,7,False
2024-03-20,Wednesday,4,Fresh Particularly,Frozen,30,False
2024-03-20,Wednesday,5,Classic South,Dairy,29,False
2024-03-20,Wednesday,6,Premium Project,Dairy,34,False
2024-03-20,Wednesday,7,Fresh Wait,Frozen,38,False
2024-03-20,Wednesday,8,Fresh Drug,Produce,21,False
2024-03-20,Wednesday,9,Organic With,Frozen,19,False
2024-03-20,Wednesday,10,Classic Ago,Beverages,30,False
2024-03-20,Wednesday,11,Organic Lot,Dairy,13,False
2024-03-20,Wednesday,12,Classic Republican,Bakery,28,False
2024-03-20,Wednesday,13,Organic Least,Dairy,14,False
2024-03-20,Wednesday,14,Organic Money,Bakery,22,False
2024-03-20,Wednesday,15,Classic Hundred,Bakery,22,False
2024-03-20,Wednesday,16,Fresh Rich,Produce,37,False
2024-03-20,Wednesday,17,Premium Baby,Frozen,30,False
2024-03-20,Wednesday,18,Classic Happy,Meat,46,False
2024-03-20,Wednesday,19,Premium Two,Meat,23,False
2024-03-20,Wednesday,20,Organic Without,Frozen,30,False
2024-03-20,Wednesday,21,Fresh Against,Meat,7,False
2024-03-20,Wednesday,22,Premium Simple,Beverages,26,False
2024-03-20,Wednesday,23,Premium Area,Meat,28,False
2024-03-20,Wednesday,24,Fresh Air,Beverages,48,False
2024-03-20,Wednesday,25,Classic We,Meat,40,False
2024-03-20,Wednesday,26,Classic Outside,Frozen,15,False
2024-03-20,Wednesday,27,Classic Support,Beverages,5,False
2024-03-20,Wednesday,28,Premium Represent,Produce,32,False
2024-03-20,Wednesday,29,Fresh Get,Meat,11,False
2024-03-20,Wednesday,30,Premium Finish,Meat,26,False
2024-03-20,Wednesday,31,Premium Machine,Dairy,15,False
2024-03-20,Wednesday,32,Fresh Rest,Beverages,11,False
2024-03-20,Wednesday,33,Fresh Economic,Frozen,40,False
2024-03-20,Wednesday,34,Organic Summer,Frozen,32,False
2024-03-20,Wednesday,35,Organic Thus,Meat,35,False
2024-03-20,Wednesday,36,Premium Wrong,Bakery,22,False
2024-03-20,Wednesday,37,Premium Cause,Dairy,19,False
2024-03-20,Wednesday,38,Classic Easy,Beverages,25,False
2024-03-20,Wednesday,39,Fresh Local,Frozen,19,False
2024-03-20,Wednesday,40,Fresh Customer,Dairy,27,False
2024-03-20,Wednesday,41,Classic Century,Dairy,33,False
2024-03-20,Wednesday,42,Fresh Situation,Frozen,5,False
2024-03-20,Wednesday,43,Fresh Quickly,Beverages,42,False
2024-03-20,Wednesday,44,Premium Cause,Dairy,12,False
2024-03-20,Wednesday,45,Organic Leave,Produce,8,False
2024-03-20,Wednesday,46,Organic Strong,Bakery,23,False
2024-03-20,Wednesday,47,Fresh Strong,Produce,21,False
2024-03-20,Wednesday,48,Fresh Newspaper,Produce,12,False
2024-03-20,Wednesday,49,Fresh Carry,Dairy,5,False
2024-03-20,Wednesday,50,Premium Catch,Meat,13,False
2024-03-21,Thursday,1,Fresh Third,Dairy,8,False
2024-03-21,Thursday,2,Organic Skin,Meat,13,False
2024-03-21,Thursday,3,Organic Your,Frozen,8,False
2024-03-21,Thursday,4,Fresh Particularly,Frozen,26,False
2024-03-21,Thursday,5,Classic South,Dairy,19,False
2024-03-21,Thursday,6,Premium Project,Dairy,21,False
2024-03-21,Thursday,7,Fresh Wait,Frozen,37,False
2024-03-21,Thursday,8,Fresh Drug,Produce,29,False
2024-03-21,Thursday,9,Organic With,Frozen,27,False
2024-03-21,Thursday,10,Classic Ago,Beverages,25,False
2024-03-21,Thursday,11,Organic Lot,Dairy,17,False
2024-03-21,Thursday,12,Classic Republican,Bakery,37,False
2024-03-21,Thursday,13,Organic Least,Dairy,15,False
2024-03-21,Thursday,14,Organic Money,Bakery,21,False
2024-03-21,Thursday,15,Classic Hundred,Bakery,17,False
2024-03-21,Thursday,16,Fresh Rich,Produce,30,False
2024-03-21,Thursday,17,Premium Baby,Frozen,38,False
2024-03-21,Thursday,18,Classic Happy,Meat,45,False
2024-03-21,Thursday,19,Premium Two,Meat,17,False
2024-03-21,Thursday,20,Organic Without,Frozen,32,False
2024-03-21,Thursday,21,Fresh Against,Meat,12,False
2024-03-21,Thursday,22,Premium Simple,Beverages,25,False
2024-03-21,Thursday,23,Premium Area,Meat,28,False
2024-03-21,Thursday,24,Fresh Air,Beverages,34,False
2024-03-21,Thursday,25,Classic We,Meat,30,False
2024-03-21,Thursday,26,Classic Outside,Frozen,17,False
2024-03-21,Thursday,27,Classic Support,Beverages,7,False
2024-03-21,Thursday,28,Premium Represent,Produce,35,False
2024-03-21,Thursday,29,Fresh Get,Meat,13,False
2024-03-21,Thursday,30,Premium Finish,Meat,40,False
2024-03-21,Thursday,31,Premium Machine,Dairy,9,False
2024-03-21,Thursday,32,Fresh Rest,Beverages,12,False
2024-03-21,Thursday,33,Fresh Economic,Frozen,40,False
2024-03-21,Thursday,34,Organic Summer,Frozen,30,False
2024-03-21,Thursday,35,Organic Thus,Meat,29,False
2024-03-21,Thursday,36,Premium Wrong,Bakery,13,False
2024-03-21,Thursday,37,Premium Cause,Dairy,29,False
2024-03-21,Thursday,38,Classic Easy,Beverages,33,False
2024-03-21,Thursday,39,Fresh Local,Frozen,20,False
2024-03-21,Thursday,40,Fresh Customer,Dairy,18,False
2024-03-21,Thursday,41,Classic Century,Dairy,27,False
2024-03-21,Thursday,42,Fresh Situation,Frozen,4,False
2024-03-21,Thursday,43,Fresh Quickly,Beverages,33,False
2024-03-21,Thursday,44,Premium Cause,Dairy,8,False
2024-03-21,Thursday,45,Organic Leave,Produce,14,False
2024-03-21,Thursday,46,Organic Strong,Bakery,18,False
2024-03-21,Thursday,47,Fresh Strong,Produce,21,False
2024-03-21,Thursday,48,Fresh Newspaper,Produce,9,False
2024-03-21,Thursday,49,Fresh Carry,Dairy,6,False
2024-03-21,Thursday,50,Premium Catch,Meat,15,False
2024-03-22,Friday,1,Fresh Third,Dairy,12,False
2024-03-22,Friday,2,Organic Skin,Meat,19,False
2024-03-22,Friday,3,Organic Your,Frozen,6,False
2024-03-22,Friday,4,Fresh Particularly,Frozen,32,False
2024-03-22,Friday,5,Classic South,Dairy,22,False
2024-03-22,Friday,6,Premium Project,Dairy,32,False
2024-03-22,Friday,7,Fresh Wait,Frozen,26,False
2024-03-22,Friday,8,Fresh Drug,Produce,23,False
2024-03-22,Friday,9,Organic With,Frozen,20,False
2024-03-22,Friday,10,Classic Ago,Beverages,20,False
2024-03-22,Friday,11,Organic Lot,Dairy,17,False
2024-03-22,Friday,12,Classic Republican,Bakery,38,False
2024-03-22,Friday,13,Organic Least,Dairy,15,False
2024-03-22,Friday,14,Organic Money,Bakery,23,False
2024-03-22,Friday,15,Classic Hundred,Bakery,24,False
2024-03-22,Friday,16,Fresh Rich,Produce,34,False
2024-03-22,Friday,17,Premium Baby,Frozen,28,False
2024-03-22,Friday,18,Classic Happy,Meat,39,False
2024-03-22,Friday,19,Premium Two,Meat,22,False
2024-03-22,Friday,20,Organic Without,Frozen,32,False
2024-03-22,Friday,21,Fresh Against,Meat,10,False
2024-03-22,Friday,22,Premium Simple,Beverages,19,False
2024-03-22,Friday,23,Premium Area,Meat,31,False
2024-03-22,Friday,24,Fresh Air,Beverages,39,False
2024-03-22,Friday,25,Classic We,Meat,37,False
2024-03-22,Friday,26,Classic Outside,Frozen,17,False
2024-03-22,Friday,27,Classic Support,Beverages,7,False
2024-03-22,Friday,28,Premium Represent,Produce,40,False
2024-03-22,Friday,29,Fresh Get,Meat,14,False
2024-03-22,Friday,30,Premium Finish,Meat,32,False
2024-03-22,Friday,31,Premium Machine,Dairy,16,False
2024-03-22,Friday,32,Fresh Rest,Beverages,12,False
2024-03-22,Friday,33,Fresh Economic,Frozen,26,False
2024-03-22,Friday,34,Organic Summer,Frozen,28,False
2024-03-22,Friday,35,Organic Thus,Meat,34,False
2024-03-22,Friday,36,Premium Wrong,Bakery,17,False
2024-03-22,Friday,37,Premium Cause,Dairy,19,False
2024-03-22,Friday,38,Classic Easy,Beverages,41,False
2024-03-22,Friday,39,Fresh Local,Frozen,19,False
2024-03-22,Friday,40,Fresh Customer,Dairy,25,False
2024-03-22,Friday,41,Classic Century,Dairy,33,False
2024-03-22,Friday,42,Fresh Situation,Frozen,4,False
2024-03-22,Friday,43,Fresh Quickly,Beverages,23,False
2024-03-22,Friday,44,Premium Cause,Dairy,10,False
2024-03-22,Friday,45,Organic Leave,Produce,10,False
2024-03-22,Friday,46,Organic Strong,Bakery,20,False
2024-03-22,Friday,47,Fresh Strong,Produce,15,False
2024-03-22,Friday,48,Fresh Newspaper,Produce,9,False
2024-03-22,Friday,49,Fresh Carry,Dairy,6,False
2024-03-22,Friday,50,Premium Catch,Meat,13,False
2024-03-23,Saturday,1,Fresh Third,Dairy,22,True
2024-03-23,Saturday,2,Organic Skin,Meat,40,True
2024-03-23,Saturday,3,Organic Your,Frozen,15,True
2024-03-23,Saturday,4,Fresh Particularly,Frozen,32,True
2024-03-23,Saturday,5,Classic South,Dairy,32,True
2024-03-23,Saturday,6,Premium Project,Dairy,60,True
2024-03-23,Saturday,7,Fresh Wait,Frozen,47,True
2024-03-23,Saturday,8,Fresh Drug,Produce,72,True
2024-03-23,Saturday,9,Organic With,Frozen,62,True
2024-03-23,Saturday,10,Classic Ago,Beverages,36,True
2024-03-23,Saturday,11,Organic Lot,Dairy,27,True
2024-03-23,Saturday,12,Classic Republican,Bakery,59,True
2024-03-23,Saturday,13,Organic Least,Dairy,18,True
2024-03-23,Saturday,14,Organic Money,Bakery,37,True
2024-03-23,Saturday,15,Classic Hundred,Bakery,43,True
2024-03-23,Saturday,16,Fresh Rich,Produce,90,True
2024-03-23,Saturday,17,Premium Baby,Frozen,79,True
2024-03-23,Saturday,18,Classic Happy,Meat,60,True
2024-03-23,Saturday,19,Premium Two,Meat,21,True
2024-03-23,Saturday,20,Organic Without,Frozen,40,True
2024-03-23,Saturday,21,Fresh Against,Meat,28,True
2024-03-23,Saturday,22,Premium Simple,Beverages,27,True
2024-03-23,Saturday,23,Premium Area,Meat,79,True
2024-03-23,Saturday,24,Fresh Air,Beverages,65,True
2024-03-23,Saturday,25,Classic We,Meat,47,True
2024-03-23,Saturday,26,Classic Outside,Frozen,48,True
2024-03-23,Saturday,27,Classic Support,Beverages,7,True
2024-03-23,Saturday,28,Premium Represent,Produce,55,True
2024-03-23,Saturday,29,Fresh Get,Meat,32,True
2024-03-23,Saturday,30,Premium Finish,Meat,47,True
2024-03-23,Saturday,31,Premium Machine,Dairy,29,True
2024-03-23,Saturday,32,Fresh Rest,Beverages,27,True
2024-03-23,Saturday,33,Fresh Economic,Frozen,88,True
2024-03-23,Saturday,34,Organic Summer,Frozen,34,True
2024-03-23,Saturday,35,Organic Thus,Meat,84,True
2024-03-23,Saturday,36,Premium Wrong,Bakery,45,True
2024-03-23,Saturday,37,Premium Cause,Dairy,49,True
2024-03-23,Saturday,38,Classic Easy,Beverages,75,True
2024-03-23,Saturday,39,Fresh Local,Frozen,32,True
2024-03-23,Saturday,40,Fresh Customer,Dairy,49,True
2024-03-23,Saturday,41,Classic Century,Dairy,41,True
2024-03-23,Saturday,42,Fresh Situation,Frozen,18,True
2024-03-23,Saturday,43,Fresh Quickly,Beverages,65,True
2024-03-23,Saturday,44,Premium Cause,Dairy,11,True
2024-03-23,Saturday,45,Organic Leave,Produce,23,True
2024-03-23,Saturday,46,Organic Strong,Bakery,46,True
2024-03-23,Saturday,47,Fresh Strong,Produce,47,True
2024-03-23,Saturday,48,Fresh Newspaper,Produce,16,True
2024-03-23,Saturday,49,Fresh Carry,Dairy,9,True
2024-03-23,Saturday,50,Premium Catch,Meat,15,True
2024-03-24,Sunday,1,Fresh Third,Dairy,28,True
2024-03-24,Sunday,2,Organic Skin,Meat,44,True
2024-03-24,Sunday,3,Organic Your,Frozen,24,True
2024-03-24,Sunday,4,Fresh Particularly,Frozen,36,True
2024-03-24,Sunday,5,Classic South,Dairy,29,True
2024-03-24,Sunday,6,Premium Project,Dairy,58,True
2024-03-24,Sunday,7,Fresh Wait,Frozen,31,True
2024-03-24,Sunday,8,Fresh Drug,Produce,44,True
2024-03-24,Sunday,9,Organic With,Frozen,50,True
2024-03-24,Sunday,10,Classic Ago,Beverages,31,True
2024-03-24,Sunday,11,Organic Lot,Dairy,22,True
2024-03-24,Sunday,12,Classic Republican,Bakery,45,True
2024-03-24,Sunday,13,Organic Least,Dairy,20,True
2024-03-24,Sunday,14,Organic Money,Bakery,31,True
2024-03-24,Sunday,15,Classic Hundred,Bakery,43,True
2024-03-24,Sunday,16,Fresh Rich,Produce,79,True
2024-03-24,Sunday,17,Premium Baby,Frozen,67,True
2024-03-24,Sunday,18,Classic Happy,Meat,49,True
2024-03-24,Sunday,19,Premium Two,Meat,21,True
2024-03-24,Sunday,20,Organic Without,Frozen,51,True
2024-03-24,Sunday,21,Fresh Against,Meat,23,True
2024-03-24,Sunday,22,Premium Simple,Beverages,27,True
2024-03-24,Sunday,23,Premium Area,Meat,60,True
2024-03-24,Sunday,24,Fresh Air,Beverages,58,True
2024-03-24,Sunday,25,Classic We,Meat,56,True
2024-03-24,Sunday,26,Classic Outside,Frozen,33,True
2024-03-24,Sunday,27,Classic Support,Beverages,9,True
2024-03-24,Sunday,28,Premium Represent,Produce,98,True
2024-03-24,Sunday,29,Fresh Get,Meat,24,True
2024-03-24,Sunday,30,Premium Finish,Meat,50,True
2024-03-24,Sunday,31,Premium Machine,Dairy,27,True
2024-03-24,Sunday,32,Fresh Rest,Beverages,22,True
2024-03-24,Sunday,33,Fresh Economic,Frozen,76,True
2024-03-24,Sunday,34,Organic Summer,Frozen,32,True
2024-03-24,Sunday,35,Organic Thus,Meat,84,True
2024-03-24,Sunday,36,Premium Wrong,Bakery,38,True
2024-03-24,Sunday,37,Premium Cause,Dairy,40,True
2024-03-24,Sunday,38,Classic Easy,Beverages,76,True
2024-03-24,Sunday,39,Fresh Local,Frozen,34,True
2024-03-24,Sunday,40,Fresh Customer,Dairy,32,True
2024-03-24,Sunday,41,Classic Century,Dairy,64,True
2024-03-24,Sunday,42,Fresh Situation,Frozen,16,True
2024-03-24,Sunday,43,Fresh Quickly,Beverages,79,True
2024-03-24,Sunday,44,Premium Cause,Dairy,13,True
2024-03-24,Sunday,45,Organic Leave,Produce,21,True
2024-03-24,Sunday,46,Organic Strong,Bakery,64,True
2024-03-24,Sunday,47,Fresh Strong,Produce,36,True
2024-03-24,Sunday,48,Fresh Newspaper,Produce,17,True
2024-03-24,Sunday,49,Fresh Carry,Dairy,8,True
2024-03-24,Sunday,50,Premium Catch,Meat,20,True
2024-03-25,Monday,1,Fresh Third,Dairy,11,False
2024-03-25,Monday,2,Organic Skin,Meat,16,False
2024-03-25,Monday,3,Organic Your,Frozen,11,False
2024-03-25,Monday,4,Fresh Particularly,Frozen,33,False
2024-03-25,Monday,5,Classic South,Dairy,28,False
2024-03-25,Monday,6,Premium Project,Dairy,22,False
2024-03-25,Monday,7,Fresh Wait,Frozen,23,False
2024-03-25,Monday,8,Fresh Drug,Produce,20,False
2024-03-25,Monday,9,Organic With,Frozen,21,False
2024-03-25,Monday,10,Classic Ago,Beverages,24,False
2024-03-25,Monday,11,Organic Lot,Dairy,15,False
2024-03-25,Monday,12,Classic Republican,Bakery,23,False
2024-03-25,Monday,13,Organic Least,Dairy,16,False
2024-03-25,Monday,14,Organic Money,Bakery,16,False
2024-03-25,Monday,15,Classic Hundred,Bakery,22,False
2024-03-25,Monday,16,Fresh Rich,Produce,31,False
2024-03-25,Monday,17,Premium Baby,Frozen,37,False
2024-03-25,Monday,18,Classic Happy,Meat,40,False
2024-03-25,Monday,19,Premium Two,Meat,21,False
2024-03-25,Monday,20,Organic Without,Frozen,20,False
2024-03-25,Monday,21,Fresh Against,Meat,8,False
2024-03-25,Monday,22,Premium Simple,Beverages,22,False
2024-03-25,Monday,23,Premium Area,Meat,24,False
2024-03-25,Monday,24,Fresh Air,Beverages,42,False
2024-03-25,Monday,25,Classic We,Meat,29,False
2024-03-25,Monday,26,Classic Outside,Frozen,16,False
2024-03-25,Monday,27,Classic Support,Beverages,6,False
2024-03-25,Monday,28,Premium Represent,Produce,27,False
2024-03-25,Monday,29,Fresh Get,Meat,10,False
2024-03-25,Monday,30,Premium Finish,Meat,38,False
2024-03-25,Monday,31,Premium Machine,Dairy,11,False
2024-03-25,Monday,32,Fresh Rest,Beverages,15,False
2024-03-25,Monday,33,Fresh Economic,Frozen,33,False
2024-03-25,Monday,34,Organic Summer,Frozen,22,False
2024-03-25,Monday,35,Organic Thus,Meat,43,False
2024-03-25,Monday,36,Premium Wrong,Bakery,19,False
2024-03-25,Monday,37,Premium Cause,Dairy,32,False
2024-03-25,Monday,38,Classic Easy,Beverages,41,False
2024-03-25,Monday,39,Fresh Local,Frozen,13,False
2024-03-25,Monday,40,Fresh Customer,Dairy,19,False
2024-03-25,Monday,41,Classic Century,Dairy,36,False
2024-03-25,Monday,42,Fresh Situation,Frozen,7,False
2024-03-25,Monday,43,Fresh Quickly,Beverages,38,False
2024-03-25,Monday,44,Premium Cause,Dairy,8,False
2024-03-25,Monday,45,Organic Leave,Produce,12,False
2024-03-25,Monday,46,Organic Strong,Bakery,17,False
2024-03-25,Monday,47,Fresh Strong,Produce,13,False
2024-03-25,Monday,48,Fresh Newspaper,Produce,10,False
2024-03-25,Monday,49,Fresh Carry,Dairy,5,False
2024-03-25,Monday,50,Premium Catch,Meat,14,False
2024-03-26,Tuesday,1,Fresh Third,Dairy,12,False
2024-03-26,Tuesday,2,Organic Skin,Meat,13,False
2024-03-26,Tuesday,3,Organic Your,Frozen,8,False
2024-03-26,Tuesday,4,Fresh Particularly,Frozen,30,False
2024-03-26,Tuesday,5,Classic South,Dairy,30,False
2024-03-26,Tuesday,6,Premium Project,Dairy,29,False
2024-03-26,Tuesday,7,Fresh Wait,Frozen,38,False
2024-03-26,Tuesday,8,Fresh Drug,Produce,20,False
2024-03-26,Tuesday,9,Organic With,Frozen,21,False
2024-03-26,Tuesday,10,Classic Ago,Beverages,24,False
2024-03-26,Tuesday,11,Organic Lot,Dairy,23,False
2024-03-26,Tuesday,12,Classic Republican,Bakery,25,False
2024-03-26,Tuesday,13,Organic Least,Dairy,13,False
2024-03-26,Tuesday,14,Organic Money,Bakery,21,False
2024-03-26,Tuesday,15,Classic Hundred,Bakery,17,False
2024-03-26,Tuesday,16,Fresh Rich,Produce,36,False
2024-03-26,Tuesday,17,Premium Baby,Frozen,33,False
2024-03-26,Tuesday,18,Classic Happy,Meat,28,False
2024-03-26,Tuesday,19,Premium Two,Meat,23,False
2024-03-26,Tuesday,20,Organic Without,Frozen,26,False
2024-03-26,Tuesday,21,Fresh Against,Meat,8,False
2024-03-26,Tuesday,22,Premium Simple,Beverages,23,False
2024-03-26,Tuesday,23,Premium Area,Meat,25,False
2024-03-26,Tuesday,24,Fresh Air,Beverages,44,False
2024-03-26,Tuesday,25,Classic We,Meat,41,False
2024-03-26,Tuesday,26,Classic Outside,Frozen,20,False
2024-03-26,Tuesday,27,Classic Support,Beverages,6,False
2024-03-26,Tuesday,28,Premium Represent,Produce,36,False
2024-03-26,Tuesday,29,Fresh Get,Meat,14,False
2024-03-26,Tuesday,30,Premium Finish,Meat,39,False
2024-03-26,Tuesday,31,Premium Machine,Dairy,12,False
2024-03-26,Tuesday,32,Fresh Rest,Beverages,14,False
2024-03-26,Tuesday,33,Fresh Economic,Frozen,30,False
2024-03-26,Tuesday,34,Organic Summer,Frozen,21,False
2024-03-26,Tuesday,35,Organic Thus,Meat,32,False
2024-03-26,Tuesday,36,Premium Wrong,Bakery,23,False
2024-03-26,Tuesday,37,Premium Cause,Dairy,32,False
2024-03-26,Tuesday,38,Classic Easy,Beverages,42,False
2024-03-26,Tuesday,39,Fresh Local,Frozen,15,False
2024-03-26,Tuesday,40,Fresh Customer,Dairy,15,False
2024-03-26,Tuesday,41,Classic Century,Dairy,22,False
2024-03-26,Tuesday,42,Fresh Situation,Frozen,6,False
2024-03-26,Tuesday,43,Fresh Quickly,Beverages,41,False
2024-03-26,Tuesday,44,Premium Cause,Dairy,12,False
2024-03-26,Tuesday,45,Organic Leave,Produce,12,False
2024-03-26,Tuesday,46,Organic Strong,Bakery,21,False
2024-03-26,Tuesday,47,Fresh Strong,Produce,17,False
2024-03-26,Tuesday,48,Fresh Newspaper,Produce,12,False
2024-03-26,Tuesday,49,Fresh Carry,Dairy,7,False
2024-03-26,Tuesday,50,Premium Catch,Meat,11,False
2024-03-27,Wednesday,1,Fresh Third,Dairy,12,False
2024-03-27,Wednesday,2,Organic Skin,Meat,20,False
2024-03-27,Wednesday,3,Organic Your,Frozen,8,False
2024-03-27,Wednesday,4,Fresh Particularly,Frozen,29,False
2024-03-27,Wednesday,5,Classic South,Dairy,27,False
2024-03-27,Wednesday,6,Premium Project,Dairy,31,False
2024-03-27,Wednesday,7,Fresh Wait,Frozen,24,False
2024-03-27,Wednesday,8,Fresh Drug,Produce,28,False
2024-03-27,Wednesday,9,Organic With,Frozen,20,False
2024-03-27,Wednesday,10,Classic Ago,Beverages,32,False
2024-03-27,Wednesday,11,Organic Lot,Dairy,15,False
2024-03-27,Wednesday,12,Classic Republican,Bakery,29,False
2024-03-27,Wednesday,13,Organic Least,Dairy,15,False
2024-03-27,Wednesday,14,Organic Money,Bakery,15,False
2024-03-27,Wednesday,15,Classic Hundred,Bakery,27,False
2024-03-27,Wednesday,16,Fresh Rich,Produce,34,False
2024-03-27,Wednesday,17,Premium Baby,Frozen,31,False
2024-03-27,Wednesday,18,Classic Happy,Meat,45,False
2024-03-27,Wednesday,19,Premium Two,Meat,24,False
2024-03-27,Wednesday,20,Organic Without,Frozen,20,False
2024-03-27,Wednesday,21,Fresh Against,Meat,11,False
2024-03-27,Wednesday,22,Premium Simple,Beverages,24,False
2024-03-27,Wednesday,23,Premium Area,Meat,24,False
2024-03-27,Wednesday,24,Fresh Air,Beverages,48,False
2024-03-27,Wednesday,25,Classic We,Meat,41,False
2024-03-27,Wednesday,26,Classic Outside,Frozen,17,False
2024-03-27,Wednesday,27,Classic Support,Beverages,5,False
2024-03-27,Wednesday,28,Premium Represent,Produce,34,False
2024-03-27,Wednesday,29,Fresh Get,Meat,14,False
2024-03-27,Wednesday,30,Premium Finish,Meat,44,False
2024-03-27,Wednesday,31,Premium Machine,Dairy,11,False
2024-03-27,Wednesday,32,Fresh Rest,Beverages,11,False
2024-03-27,Wednesday,33,Fresh Economic,Frozen,31,False
2024-03-27,Wednesday,34,Organic Summer,Frozen,28,False
2024-03-27,Wednesday,35,Organic Thus,Meat,47,False
2024-03-27,Wednesday,36,Premium Wrong,Bakery,19,False
2024-03-27,Wednesday,37,Premium Cause,Dairy,21,False
2024-03-27,Wednesday,38,Classic Easy,Beverages,33,False
2024-03-27,Wednesday,39,Fresh Local,Frozen,11,False
2024-03-27,Wednesday,40,Fresh Customer,Dairy,20,False
2024-03-27,Wednesday,41,Classic Century,Dairy,23,False
2024-03-27,Wednesday,42,Fresh Situation,Frozen,7,False
2024-03-27,Wednesday,43,Fresh Quickly,Beverages,24,False
2024-03-27,Wednesday,44,Premium Cause,Dairy,11,False
2024-03-27,Wednesday,45,Organic Leave,Produce,11,False
2024-03-27,Wednesday,46,Organic Strong,Bakery,17,False
2024-03-27,Wednesday,47,Fresh Strong,Produce,13,False
2024-03-27,Wednesday,48,Fresh Newspaper,Produce,9,False
2024-03-27,Wednesday,49,Fresh Carry,Dairy,7,False
2024-03-27,Wednesday,50,Premium Catch,Meat,9,False
2024-03-28,Thursday,1,Fresh Third,Dairy,10,False
2024-03-28,Thursday,2,Organic Skin,Meat,23,False
2024-03-28,Thursday,3,Organic Your,Frozen,10,False
2024-03-28,Thursday,4,Fresh Particularly,Frozen,29,False
2024-03-28,Thursday,5,Classic South,Dairy,18,False
2024-03-28,Thursday,6,Premium Project,Dairy,23,False
2024-03-28,Thursday,7,Fresh Wait,Frozen,34,False
2024-03-28,Thursday,8,Fresh Drug,Produce,33,False
2024-03-28,Thursday,9,Organic With,Frozen,20,False
2024-03-28,Thursday,10,Classic Ago,Beverages,19,False
2024-03-28,Thursday,11,Organic Lot,Dairy,21,False
2024-03-28,Thursday,12,Classic Republican,Bakery,24,False
2024-03-28,Thursday,13,Organic Least,Dairy,10,False
2024-03-28,Thursday,14,Organic Money,Bakery,24,False
2024-03-28,Thursday,15,Classic Hundred,Bakery,26,False
2024-03-28,Thursday,16,Fresh Rich,Produce,33,False
2024-03-28,Thursday,17,Premium Baby,Frozen,40,False
2024-03-28,Thursday,18,Classic Happy,Meat,33,False
2024-03-28,Thursday,19,Premium Two,Meat,22,False
2024-03-28,Thursday,20,Organic Without,Frozen,28,False
2024-03-28,Thursday,21,Fresh Against,Meat,12,False
2024-03-28,Thursday,22,Premium Simple,Beverages,23,False
2024-03-28,Thursday,23,Premium Area,Meat,30,False
2024-03-28,Thursday,24,Fresh Air,Beverages,39,False
2024-03-28,Thursday,25,Classic We,Meat,49,False
2024-03-28,Thursday,26,Classic Outside,Frozen,21,False
2024-03-28,Thursday,27,Classic Support,Beverages,5,False
2024-03-28,Thursday,28,Premium Represent,Produce,41,False
2024-03-28,Thursday,29,Fresh Get,Meat,15,False
2024-03-28,Thursday,30,Premium Finish,Meat,34,False
2024-03-28,Thursday,31,Premium Machine,Dairy,14,False
2024-03-28,Thursday,32,Fresh Rest,Beverages,12,False
2024-03-28,Thursday,33,Fresh Economic,Frozen,36,False
2024-03-28,Thursday,34,Organic Summer,Frozen,17,False
2024-03-28,Thursday,35,Organic Thus,Meat,46,False
2024-03-28,Thursday,36,Premium Wrong,Bakery,20,False
2024-03-28,Thursday,37,Premium Cause,Dairy,21,False
2024-03-28,Thursday,38,Classic Easy,Beverages,35,False
2024-03-28,Thursday,39,Fresh Local,Frozen,20,False
2024-03-28,Thursday,40,Fresh Customer,Dairy,18,False
2024-03-28,Thursday,41,Classic Century,Dairy,22,False
2024-03-28,Thursday,42,Fresh Situation,Frozen,6,False
2024-03-28,Thursday,43,Fresh Quickly,Beverages,29,False
2024-03-28,Thursday,44,Premium Cause,Dairy,8,False
2024-03-28,Thursday,45,Organic Leave,Produce,8,False
2024-03-28,Thursday,46,Organic Strong,Bakery,25,False
2024-03-28,Thursday,47,Fresh Strong,Produce,22,False
2024-03-28,Thursday,48,Fresh Newspaper,Produce,10,False
2024-03-28,Thursday,49,Fresh Carry,Dairy,5,False
2024-03-28,Thursday,50,Premium Catch,Meat,13,False
2024-03-29,Friday,1,Fresh Third,Dairy,12,False
2024-03-29,Friday,2,Organic Skin,Meat,15,False
2024-03-29,Friday,3,Organic Your,Frozen,11,False
2024-03-29,Friday,4,Fresh Particularly,Frozen,23,False
2024-03-29,Friday,5,Classic South,Dairy,24,False
2024-03-29,Friday,6,Premium Project,Dairy,22,False
2024-03-29,Friday,7,Fresh Wait,Frozen,30,False
2024-03-29,Friday,8,Fresh Drug,Produce,35,False
2024-03-29,Friday,9,Organic With,Frozen,19,False
2024-03-29,Friday,10,Classic Ago,Beverages,33,False
2024-03-29,Friday,11,Organic Lot,Dairy,20,False
2024-03-29,Friday,12,Classic Republican,Bakery,39,False
2024-03-29,Friday,13,Organic Least,Dairy,13,False
2024-03-29,Friday,14,Organic Money,Bakery,21,False
2024-03-29,Friday,15,Classic Hundred,Bakery,22,False
2024-03-29,Friday,16,Fresh Rich,Produce,24,False
2024-03-29,Friday,17,Premium Baby,Frozen,28,False
2024-03-29,Friday,18,Classic Happy,Meat,50,False
2024-03-29,Friday,19,Premium Two,Meat,20,False
2024-03-29,Friday,20,Organic Without,Frozen,22,False
2024-03-29,Friday,21,Fresh Against,Meat,8,False
2024-03-29,Friday,22,Premium Simple,Beverages,20,False
2024-03-29,Friday,23,Premium Area,Meat,32,False
2024-03-29,Friday,24,Fresh Air,Beverages,50,False
2024-03-29,Friday,25,Classic We,Meat,45,False
2024-03-29,Friday,26,Classic Outside,Frozen,24,False
2024-03-29,Friday,27,Classic Support,Beverages,6,False
2024-03-29,Friday,28,Premium Represent,Produce,35,False
2024-03-29,Friday,29,Fresh Get,Meat,12,False
2024-03-29,Friday,30,Premium Finish,Meat,34,False
2024-03-29,Friday,31,Premium Machine,Dairy,15,False
2024-03-29,Friday,32,Fresh Rest,Beverages,15,False
2024-03-29,Friday,33,Fresh Economic,Frozen,25,False
2024-03-29,Friday,34,Organic Summer,Frozen,30,False
2024-03-29,Friday,35,Organic Thus,Meat,45,False
2024-03-29,Friday,36,Premium Wrong,Bakery,20,False
2024-03-29,Friday,37,Premium Cause,Dairy,25,False
2024-03-29,Friday,38,Classic Easy,Beverages,23,False
2024-03-29,Friday,39,Fresh Local,Frozen,11,False
2024-03-29,Friday,40,Fresh Customer,Dairy,25,False
2024-03-29,Friday,41,Classic Century,Dairy,31,False
2024-03-29,Friday,42,Fresh Situation,Frozen,7,False
2024-03-29,Friday,43,Fresh Quickly,Beverages,33,False
2024-03-29,Friday,44,Premium Cause,Dairy,13,False
2024-03-29,Friday,45,Organic Leave,Produce,13,False
2024-03-29,Friday,46,Organic Strong,Bakery,20,False
2024-03-29,Friday,47,Fresh Strong,Produce,13,False
2024-03-29,Friday,48,Fresh Newspaper,Produce,13,False
2024-03-29,Friday,49,Fresh Carry,Dairy,6,False
2024-03-29,Friday,50,Premium Catch,Meat,11,False
2024-03-30,Saturday,1,Fresh Third,Dairy,21,True
2024-03-30,Saturday,2,Organic Skin,Meat,42,True
2024-03-30,Saturday,3,Organic Your,Frozen,14,True
2024-03-30,Saturday,4,Fresh Particularly,Frozen,32,True
2024-03-30,Saturday,5,Classic South,Dairy,35,True
2024-03-30,Saturday,6,Premium Project,Dairy,41,True
2024-03-30,Saturday,7,Fresh Wait,Frozen,41,True
2024-03-30,Saturday,8,Fresh Drug,Produce,55,True
2024-03-30,Saturday,9,Organic With,Frozen,66,True
2024-03-30,Saturday,10,Classic Ago,Beverages,42,True
2024-03-30,Saturday,11,Organic Lot,Dairy,37,True
2024-03-30,Saturday,12,Classic Republican,Bakery,45,True
2024-03-30,Saturday,13,Organic Least,Dairy,12,True
2024-03-30,Saturday,14,Organic Money,Bakery,39,True
2024-03-30,Saturday,15,Classic Hundred,Bakery,55,True
2024-03-30,Saturday,16,Fresh Rich,Produce,89,True
2024-03-30,Saturday,17,Premium Baby,Frozen,52,True
2024-03-30,Saturday,18,Classic Happy,Meat,65,True
2024-03-30,Saturday,19,Premium Two,Meat,27,True
2024-03-30,Saturday,20,Organic Without,Frozen,33,True
2024-03-30,Saturday,21,Fresh Against,Meat,18,True
2024-03-30,Saturday,22,Premium Simple,Beverages,28,True
2024-03-30,Saturday,23,Premium Area,Meat,51,True
2024-03-30,Saturday,24,Fresh Air,Beverages,58,True
2024-03-30,Saturday,25,Classic We,Meat,59,True
2024-03-30,Saturday,26,Classic Outside,Frozen,51,True
2024-03-30,Saturday,27,Classic Support,Beverages,7,True
2024-03-30,Saturday,28,Premium Represent,Produce,85,True
2024-03-30,Saturday,29,Fresh Get,Meat,37,True
2024-03-30,Saturday,30,Premium Finish,Meat,71,True
2024-03-30,Saturday,31,Premium Machine,Dairy,29,True
2024-03-30,Saturday,32,Fresh Rest,Beverages,24,True
2024-03-30,Saturday,33,Fresh Economic,Frozen,86,True
2024-03-30,Saturday,34,Organic Summer,Frozen,42,True
2024-03-30,Saturday,35,Organic Thus,Meat,70,True
2024-03-30,Saturday,36,Premium Wrong,Bakery,25,True
2024-03-30,Saturday,37,Premium Cause,Dairy,41,True
2024-03-30,Saturday,38,Classic Easy,Beverages,59,True
2024-03-30,Saturday,39,Fresh Local,Frozen,34,True
2024-03-30,Saturday,40,Fresh Customer,Dairy,53,True
2024-03-30,Saturday,41,Classic Century,Dairy,75,True
2024-03-30,Saturday,42,Fresh Situation,Frozen,11,True
2024-03-30,Saturday,43,Fresh Quickly,Beverages,77,True
2024-03-30,Saturday,44,Premium Cause,Dairy,16,True
2024-03-30,Saturday,45,Organic Leave,Produce,20,True
2024-03-30,Saturday,46,Organic Strong,Bakery,47,True
2024-03-30,Saturday,47,Fresh Strong,Produce,53,True
2024-03-30,Saturday,48,Fresh Newspaper,Produce,18,True
2024-03-30,Saturday,49,Fresh Carry,Dairy,10,True
2024-03-30,Saturday,50,Premium Catch,Meat,14,True
